{"dataset": 999, "loss_LA_p": 0.0, "loss_LB_p": 0.04, "loss_LA_mutual": 0.04445832716408482, "loss_LB_mutual": 0, "loss_LA_spear": -0.22913467678809318, "loss_LB_spear": -0.06755572527029587, "loss_LA_pear": -0.1991912871076043, "loss_LB_pear": -0.0751518696766872, "loss_LA_nlcor": 0.1991912871076043, "loss_LB_nlcor": 0.09534810571511143, "true_LA": 0.21922974288463593, "true_LB": -0.0806109830737114, "_runtime": 396534, "_timestamp": 1647057586, "_step": 999, "_wandb": {"runtime": 396534}}