"","L","A","B","rho","bcmi","citp","findrp","nlcdp"
"1","chrII:699675_T/C","YBR239C","YBR162W-A",-0.159277349558309,0.0230800996684491,0.0115573984103709,0.943493187427521,0.00597609561752988
"2","chrII:699675_T/C","YBR239C","YGL062W",0.11655762128605,0.00788068091780051,0.563597565643437,0.656323730945587,0.264940239043825
"3","chrII:699675_T/C","YBR239C","YHR057C",-0.0357717229759852,0.0097290541517203,0.831658396837869,0.51464307308197,0.691235059760956
"4","chrII:699675_T/C","YBR239C","YCR019W",0.118862060313426,0.00727362566048901,0.0081499179437702,0.900017380714417,0.121513944223108
"5","chrIII:262264_T/C","YCR084C","YLR099C",0.328570423089578,0.0826292196195006,1,0.98736298084259,0.99800796812749
"6","chrIII:262264_T/C","YCR084C","YDR019C",0.129272461136783,0.0251113377087628,0.999999760632729,0.814243197441101,0.99800796812749
"7","chrIII:262264_T/C","YCR084C","YOL091W",0.113673891398079,0.0184969289074633,0.999999893424039,0.832517504692078,0.99800796812749
"8","chrIV:167521_TG/T","YDL056W","YDR075W",0.160808053843796,0.050297784485892,0.0186286015875776,0.929328441619873,0.0956175298804781
"9","chrIV:167521_TG/T","YDL056W","YNL230C",0.377461782092182,0.135583363139907,0.0570741974162191,0.879274010658264,0.352589641434263
"10","chrIV:167521_TG/T","YDL056W","YKL101W",0.365707490846902,0.132362877027079,0.0212027981906969,0.917834639549255,0.141434262948207
"11","chrIV:167521_TG/T","YDL056W","YMR259C",0.0104927216519861,0.0270391257313267,0.128392484301589,0.660201609134674,0.0318725099601594
"12","chrIV:167521_TG/T","YDL056W","YGR209C",0.0895915408366943,0.0375811071594268,0.926141211113427,0.955170810222626,0.944223107569721
"13","chrIV:167521_TG/T","YDL056W","YNL142W",0.144343181849153,0.0342797563271943,0.00127109845300639,0.987741589546204,0.047808764940239
"14","chrIV:167521_TG/T","YDL056W","YLR038C",0.11375303980659,0.0181007129584,0.998382154063249,0.928394973278046,0.99203187250996
"15","chrIV:167521_TG/T","YDL056W","YNL233W",0.384021015407622,0.153108138356376,0.0122565894960805,0.987449288368225,0.0278884462151394
"16","chrIV:167521_TG/T","YDL056W","YDR310C",0.295911110548154,0.103436601596341,0.00675889350133146,0.986459612846375,0.0298804780876494
"17","chrIV:167521_TG/T","YDL056W","YGR123C",-0.165561369639358,0.0381855541550314,0.999999998073339,0.848800301551819,0.99402390438247
"18","chrIV:167521_TG/T","YDL056W","YOR030W",0.495619020964985,0.23775813760547,0.0299376867807131,0.941411674022675,0.430278884462151
"19","chrIV:167521_TG/T","YDL056W","YFR055W",-0.101090625935046,0.0274448629106876,0.998646845817349,0.977205038070679,0.99003984063745
"20","chrIV:167521_TG/T","YDL056W","YDR023W",-0.166477446472271,0.0320363980330633,0.999999812872997,0.881385684013367,0.99601593625498
"21","chrIV:167521_TG/T","YDL056W","YLR285W",-0.0239426019816997,0.01994487140077,0.496121434399302,0.471349358558655,0.384462151394422
"22","chrIV:167521_TG/T","YDL056W","YPL146C",-0.0958729674064052,0.0462018938674367,0.885523251377379,0.894508004188538,0.800796812749004
"23","chrIV:167521_TG/T","YDL056W","YOR129C",0.382766983206655,0.145159845448269,0.0225777958073692,0.996128797531128,0.097609561752988
"24","chrIV:167521_TG/T","YDL056W","YBR020W",0.174061128344389,0.0451902447959735,0.0157695669613722,0.952186226844788,0.924302788844622
"25","chrIV:167521_TG/T","YDL056W","YKR092C",-0.205133825590276,0.0322701076642347,0.999999999906073,0.897961616516113,0.99800796812749
"26","chrIV:167521_TG/T","YDL056W","YBL022C",0.263022677489467,0.0527245806934207,1,0.997799873352051,0.99800796812749
"27","chrIV:167521_TG/T","YDL056W","YPL154C",0.310610843357438,0.0819664504098756,1,0.764738261699677,0.99800796812749
"28","chrIV:167521_TG/T","YDL056W","YNL055C",0.15186206067235,0.0292511011073972,0.999999999999037,0.962552070617676,0.99800796812749
"29","chrIV:167521_TG/T","YDL056W","YJR051W",0.263348892587447,0.0524601361109939,0.00430236587278533,0.995811700820923,0.0657370517928287
"30","chrIV:167521_TG/T","YDL056W","YMR120C",-0.143949419674629,0.0254463768117405,0.999999999991598,0.976701855659485,0.99800796812749
"31","chrIV:167521_TG/T","YDL056W","YLR327C",0.276592959267411,0.0508834415942934,1,0.999160408973694,0.99800796812749
"32","chrIV:167521_TG/T","YDL056W","YKR034W",0.211122231691497,0.0417189777736646,0.0023043564946165,0.999027609825134,0.109561752988048
"33","chrIV:167521_TG/T","YDL056W","YCR034W",0.0378829106741551,0.0144822256109425,0.357739436662212,0.713485836982727,0.288844621513944
"34","chrIV:167521_TG/T","YDL056W","YER054C",0.383433504042341,0.0942614501172908,1,0.906357884407043,0.99800796812749
"35","chrIV:167521_TG/T","YDL056W","YDR391C",0.241688071143443,0.0422002420298319,0.0437307076232635,0.878403306007385,0.141434262948207
"36","chrIV:167521_TG/T","YDL056W","YGR210C",0.0419828237070046,0.0150093279491838,0.0592058890360371,0.77207624912262,0.099601593625498
"37","chrIV:167521_TG/T","YDL056W","YDR123C",0.161165703688574,0.0840787075573483,0.0485353913866946,0.903689622879028,0.4800796812749
"38","chrIV:167521_TG/T","YDL056W","YOL055C",0.196319464697407,0.0412019431015934,0.0436058617749898,0.892455577850342,0.113545816733068
"39","chrIV:415049_T/C","YDL020C","YER117W",-0.41712194272339,0.136777389134664,1,0.961317956447601,0.99800796812749
"40","chrIV:415049_T/C","YDL020C","YOR289W",0.475082741405859,0.177063772441228,1,0.953519284725189,0.99800796812749
"41","chrIV:415049_T/C","YDL020C","YPL094C",0.0905400134049802,0.0349679894780203,0.999999999526122,0.96114706993103,0.99800796812749
"42","chrIV:415049_T/C","YDL020C","YDR319C",0.223401952124406,0.0360118687682979,1,0.925474286079407,0.99800796812749
"43","chrIV:415049_T/C","YDL020C","YHR004C",0.482112754920021,0.16640526922151,1,0.97473680973053,0.99800796812749
"44","chrIV:415049_T/C","YDL020C","YOR233W",-0.165272146812471,0.0612629616137548,0.281674695668855,0.877462804317474,0.143426294820717
"45","chrIV:415049_T/C","YDL020C","YDL179W",0.287379315031194,0.0525106056858471,1,0.924027681350708,0.99800796812749
"46","chrIV:415049_T/C","YDL020C","YPL016W",0.0879269581065598,0.0211443830437684,0.999992100272436,0.880558788776398,0.99800796812749
"47","chrIV:415049_T/C","YDL020C","YDR422C",0.212266792242016,0.0475410756840588,1,0.861093401908875,0.99800796812749
"48","chrIV:415049_T/C","YDL020C","YJL057C",0.507564606827791,0.181295553214085,1,0.87910521030426,0.99800796812749
"49","chrIV:415049_T/C","YDL020C","YPR006C",0.291262229896649,0.0726921060491232,0.262743286053912,0.926568031311035,0.179282868525896
"50","chrIV:415049_T/C","YDL020C","YNL240C",-0.0653868205372243,0.0191337187029215,0.999997275708195,0.913053035736084,0.99800796812749
"51","chrIV:415049_T/C","YDL020C","YNL327W",0.0416693793367287,0.0147011134598869,0.99662652092402,0.865206658840179,0.99800796812749
"52","chrIV:415049_T/C","YDL020C","YLR104W",0.103837513365412,0.0231814754769507,0.999999852731659,0.970054984092712,0.99800796812749
"53","chrIV:415049_T/C","YDL020C","YPR127W",0.329147907754776,0.0861364625426036,1,0.98771333694458,0.99800796812749
"54","chrIV:415049_T/C","YDL020C","YKR010C",-0.0376525165575727,0.01415930592664,0.193773018008566,0.533063352108002,0.888446215139442
"55","chrIV:415049_T/C","YDL020C","YGL189C",-0.398473878356422,0.116115470336304,1,0.997981071472168,0.99800796812749
"56","chrIV:415049_T/C","YDL020C","YOL087C",0.503247035671537,0.191017433688672,1,0.825319886207581,0.99800796812749
"57","chrIV:415049_T/C","YDL020C","YDR007W",0.142136786812893,0.0221235873264102,0.999999999999948,0.984775900840759,0.99800796812749
"58","chrIV:415049_T/C","YDL020C","YER074W",-0.426301166664446,0.141802689159046,1,0.993337988853455,0.99800796812749
"59","chrIV:415049_T/C","YDL020C","YEL007W",0.30875841630611,0.0607009351272982,1,0.916986703872681,0.99800796812749
"60","chrIV:415049_T/C","YDL020C","YPR102C",-0.431805547134041,0.144467884828537,1,0.97237229347229,0.99800796812749
"61","chrIV:415049_T/C","YDL020C","YLR212C",-0.0522019993818875,0.0368689039152937,0.0963047445818881,0.790491461753845,0.970119521912351
"62","chrIV:415049_T/C","YDL020C","YOL019W",0.128568809091897,0.0315646817402998,0.99999977004155,0.972134947776794,0.99800796812749
"63","chrIV:415049_T/C","YDL020C","YJR145C",-0.459153070579065,0.155402840481085,1,0.973603010177612,0.99800796812749
"64","chrIV:415049_T/C","YDL020C","YMR088C",-0.162917944786297,0.0305433918471445,5.29885569492856e-05,0.996373295783997,0.254980079681275
"65","chrIV:415049_T/C","YDL020C","YMR062C",0.104627550178568,0.021150011463631,0.0249332608640498,0.866252899169922,0.123505976095618
"66","chrIV:415049_T/C","YDL020C","YER004W",0.312066104250611,0.0620828871719615,0.00055454718080613,0.995414972305298,0.0936254980079681
"67","chrIV:415049_T/C","YDL020C","YOR306C",-0.123018000138081,0.0129381123981757,0.0151402763714569,0.916382074356079,0.0776892430278884
"68","chrIV:415049_T/C","YDL020C","YBR214W",0.562093009036199,0.247589238109674,1,0.928918480873108,0.99800796812749
"69","chrIV:415049_T/C","YDL020C","YJR119C",0.299897372209157,0.0644274136933481,1,0.986060857772827,0.99800796812749
"70","chrIV:415049_T/C","YDL020C","YEL066W",-0.066113964700435,0.0153077901464963,0.0857755782164855,0.742573618888855,0.241035856573705
"71","chrIV:415049_T/C","YDL020C","YDR397C",0.0300095196917732,0.0194430623808701,0.939658803213834,0.932762086391449,0.97609561752988
"72","chrIV:415049_T/C","YDL020C","YLR075W",-0.438687545251128,0.152643871733155,1,0.989758312702179,0.99800796812749
"73","chrIV:415049_T/C","YDL020C","YPL123C",0.518363351239484,0.193911213448971,1,0.951934456825256,0.99800796812749
"74","chrIV:415049_T/C","YDL020C","YHR033W",0.214652741625728,0.0466692392834831,9.08506175130742e-05,0.995196282863617,0.00199203187250996
"75","chrIV:415049_T/C","YDL020C","YHR110W",0.19305837890976,0.0357544196130522,1,0.988472700119019,0.99800796812749
"76","chrIV:415049_T/C","YDL020C","YJR133W",-0.10542200985481,0.0243720211478079,0.0024102252206519,0.956205606460571,0.195219123505976
"77","chrIV:415049_T/C","YDL020C","YFR022W",0.418798995148663,0.12017704454859,1,0.985511541366577,0.99800796812749
"78","chrIV:415049_T/C","YDL020C","YCL049C",0.412321121673276,0.115174619367158,1,0.901467084884644,0.99800796812749
"79","chrIV:415049_T/C","YDL020C","YBR222C",0.417086490349654,0.120349652460017,1,0.913819551467896,0.99800796812749
"80","chrIV:415049_T/C","YDL020C","YDL176W",0.26611678282838,0.0458988632727299,1,0.934245824813843,0.99800796812749
"81","chrIV:415049_T/C","YDL020C","YHR098C",0.151449194508059,0.0213124274681252,0.999999999999901,0.958081662654877,0.99800796812749
"82","chrIV:415049_T/C","YDL020C","YOL107W",0.272575123921503,0.0571552026490109,1,0.987087666988373,0.99800796812749
"83","chrIV:415049_T/C","YDL020C","YCR019W",0.245825451152586,0.0427444538537423,1,0.981409907341003,0.99800796812749
"84","chrIV:415049_T/C","YDL020C","YOL031C",0.133973744611126,0.0256933314323481,0.999999999999181,0.992142677307129,0.99800796812749
"85","chrIV:415049_T/C","YDL020C","YDL101C",0.221285230058292,0.0401248175003216,1,0.928699851036072,0.99800796812749
"86","chrIV:415049_T/C","YDL020C","YIL165C",-0.208732832011451,0.0306575659277004,7.79321826511849e-07,0.9991534948349,0.00199203187250996
"87","chrIV:415049_T/C","YDL020C","YJL115W",0.0828552656379095,0.0355066533257994,0.999999470450573,0.918104708194733,0.99800796812749
"88","chrIV:415049_T/C","YDL020C","YKL132C",0.0361213607232368,0.00799002420363446,0.996193354492835,0.976477384567261,0.99800796812749
"89","chrIV:415049_T/C","YDL020C","YNL139C",0.149924858219161,0.0220089867710235,1,0.913112342357635,0.99800796812749
"90","chrIV:415049_T/C","YDL020C","YKR034W",-0.0747973301143844,0.0135735925430873,0.466929401624568,0.499226897954941,0.677290836653386
"91","chrIV:890069_T/C","YDR216W","YDR214W",0.411740001460934,0.118171678631378,1,0.976964235305786,0.99800796812749
"92","chrIV:890069_T/C","YDR216W","YDR244W",0.333436128235844,0.0730923853890648,0.00125523341615134,0.890134632587433,0.00597609561752988
"93","chrIV:890069_T/C","YDR216W","YOR313C",-0.0393341655185651,0.0243481745487946,0.998096034414408,0.965633869171143,0.948207171314741
"94","chrIV:1338321_T/G","YDR253C","YLR297W",-0.0948752528572245,0.0211009345789948,0.00906342642328879,0.937103271484375,0.0756972111553785
"95","chrIV:1338321_T/G","YDR253C","YBR047W",-0.066687605411329,0.0255966765806674,0.998777385095069,0.873939871788025,0.960159362549801
"96","chrIV:1338321_T/G","YDR253C","YGL059W",-0.0249628360824534,0.0161313534994586,0.909507403156299,0.676683783531189,0.888446215139442
"97","chrIV:1338321_T/G","YDR253C","YGL025C",0.17090149053149,0.0437330066310859,0.0179230316605476,0.875920653343201,0.250996015936255
"98","chrIV:1338321_T/G","YDR253C","YIL106W",0.177236466163424,0.0295405755052611,0.00392900051076126,0.987303137779236,0.0258964143426295
"99","chrIV:1338321_T/G","YDR253C","YOR002W",-0.0343155705632897,0.0184819298772841,0.200420077527875,0.686972856521606,0.191235059760956
"100","chrIV:1338321_T/G","YDR253C","YJL112W",0.134809804672357,0.02182478647806,0.0162925561239964,0.845958709716797,0.0537848605577689
"101","chrIV:1338321_T/G","YDR253C","YJL037W",-0.0787643835820405,0.0057475741530274,0.999788394684705,0.834743976593018,0.912350597609562
"102","chrIV:1338321_T/G","YDR253C","YDR371W",0.204962375965754,0.0391133166156434,0.00433736188959218,0.989054560661316,0.0199203187250996
"103","chrIV:1338321_T/G","YDR253C","YDR192C",-0.0993490946497679,0.0242069208271776,0.0140760075730146,0.841721773147583,0.167330677290837
"104","chrIV:1338321_T/G","YDR253C","YPL257W",0.033000706627636,0.00644122211847855,0.50689806074337,0.572888851165771,0.752988047808765
"105","chrIV:1338321_T/G","YDR253C","YDR066C",0.0918321493818997,0.0217277827409936,0.019899282028604,0.833398580551147,0.878486055776892
"106","chrIV:1338321_T/G","YDR253C","YML130C",-0.147369138046391,0.0344387813300508,0.00319686356364607,0.991911888122559,0.0258964143426295
"107","chrIV:1338321_T/G","YDR253C","YOL031C",-0.0774603452405877,0.0214307279803351,0.0100382520179083,0.889552295207977,0.047808764940239
"108","chrIV:1338321_T/G","YDR253C","YIR005W",0.0405137847848485,0.0133329154991303,0.333843615847458,0.638664186000824,0.258964143426295
"109","chrIV:1338321_T/G","YDR253C","YML045W",-0.122533060539936,0.015316806519073,0.0692186471398197,0.793815612792969,0.129482071713147
"110","chrIV:1338321_T/G","YDR253C","YIL126W",-0.074421247814026,0.0228564593194229,0.0381027042919457,0.70059871673584,0.50199203187251
"111","chrIV:1338321_T/G","YDR253C","YBR256C",-0.0489766785787183,0.0232343710893762,0.999554284286178,0.862478613853455,0.936254980079681
"112","chrIV:1338321_T/G","YDR253C","YLR207W",-0.0909799377656851,0.00887336642321259,0.0174908426561475,0.859597265720367,0.0298804780876494
"113","chrIV:1338321_T/G","YDR253C","YGL101W",0.196392326156559,0.0293795366237473,0.00358919297503659,0.895312547683716,0.0159362549800797
"114","chrIV:1338321_T/G","YDR253C","YBR162W-A",0.106889624661366,0.0403314903331976,0.999976419197155,0.970555782318115,0.97609561752988
"115","chrIV:1338321_T/G","YDR253C","YER026C",0.051241184478395,0.00936880654581655,0.473536241073977,0.534782588481903,0.613545816733068
"116","chrIV:1338321_T/G","YDR253C","YKL197C",-0.087845575110155,0.0169769029599233,0.052367179206484,0.787416458129883,0.848605577689243
"117","chrIV:1338321_T/G","YDR253C","YJR122W",0.17214045952598,0.0259410875055602,0.00366630223246484,0.906047105789185,0.0199203187250996
"118","chrIV:1338321_T/G","YDR253C","YOR221C",-0.00947809138823055,0.0101051630341479,0.698773349418244,0.566165149211884,0.812749003984064
"119","chrIV:1338321_T/G","YDR253C","YNL042W",-0.0811348182104279,0.0230423418855585,0.327896497262262,0.705995380878448,0.0338645418326693
"120","chrIV:1338321_T/G","YDR253C","YOR342C",0.0468103903427919,0.0292064540854316,0.999999989796729,0.997413396835327,0.99800796812749
"121","chrIV:1338321_T/G","YDR253C","YLR281C",-0.0068300584212743,-0.000678656952891108,0.684957519510399,0.509824693202972,0.870517928286853
"122","chrIV:1338321_T/G","YDR253C","YAR009C",0.0212720038277681,0.0133400608936524,0.225653432087069,0.478604167699814,0.681274900398406
"123","chrIV:1338321_T/G","YDR253C","YFR022W",-0.0991718096247359,0.00744905708838005,0.00327958095314114,0.919320940971375,0.0219123505976096
"124","chrIV:975156_A/G","YDR259C","YAR010C",-0.0556165945719237,0.0249624454931584,0.664010247680571,0.691137492656708,0.687250996015936
"125","chrIV:975156_A/G","YDR259C","YDR210W",-0.298147620419192,0.0717130131619523,4.033219472043e-12,0.999492287635803,0.00199203187250996
"126","chrIV:975156_A/G","YDR259C","YGL036W",0.260790764154149,0.0736696931534837,0.999999997253505,0.830620169639587,0.99800796812749
"127","chrIV:102617_C/T","YDR310C","YDL197C",0.18792269386448,0.0466843479831508,0.430156820996023,0.999681353569031,0.392430278884462
"128","chrIV:102617_C/T","YDR310C","YCR089W",0.342328815486755,0.125580390099329,0.00889649460705579,0.898646593093872,0.173306772908367
"129","chrIV:1309620_C/T","YDR421W","YJL073W",0.11289001417435,0.0357413171574463,0.0239549525291199,0.873448371887207,0.0139442231075697
"130","chrIV:1309620_C/T","YDR421W","YBL075C",0.4361678447827,0.152222844977295,0.0318263169343648,0.822990417480469,0.332669322709163
"131","chrIV:1318030_A/C","YDR423C","YKR069W",-0.108091265617671,0.0333885907563665,0.444441642524799,0.809273719787598,0.573705179282869
"132","chrIV:1318030_A/C","YDR423C","YPR196W",0.156135646339439,0.0372876874694151,0.999504884074122,0.813604652881622,0.958167330677291
"133","chrIV:1318030_A/C","YDR423C","YNL058C",0.12326308695952,0.0299035780458632,0.0867193955555197,0.81609696149826,0.426294820717131
"134","chrIV:1359411_A/AT","YDR451C","YDR441C",0.472748384372691,0.146848360820292,0.800681910934085,0.689055442810059,0.5
"135","chrIV:1359411_A/AT","YDR451C","YLR327C",0.133117816400539,0.0223152838540304,1,0.821726441383362,0.99800796812749
"136","chrIV:1359411_A/AT","YDR451C","YDL214C",0.0781656066518842,0.0268151351842851,0.99999922747144,0.813262939453125,0.99800796812749
"137","chrIV:1359411_A/AT","YDR451C","YLR164W",0.0754179782182792,0.0222744365248964,0.999999766720529,0.874680280685425,0.99800796812749
"138","chrIV:1359411_A/AT","YDR451C","YMR243C",-0.0507064348593952,0.0288259344601405,0.999999997766494,0.91253137588501,0.99800796812749
"139","chrIV:1359411_A/AT","YDR451C","YNL031C",0.263902919868848,0.0510540958392912,0.999998519543746,0.945716261863708,0.99800796812749
"140","chrIV:1357789_T/G","YDR463W","YGR138C",0.0852421412756716,0.0152657933629919,0.0258421235588656,0.856871843338013,0.932270916334661
"141","chrIV:1357789_T/G","YDR463W","YNL010W",-0.461191257879976,0.1655235007231,1,0.908236503601074,0.99800796812749
"142","chrV:154915_A/C","YEL009C","YBR286W",-0.00432796835795755,0.0110650076239224,0.778817889405624,0.624164760112762,0.804780876494024
"143","chrV:154915_A/C","YEL009C","YNL287W",0.304937213116688,0.0717260326992067,1,0.939473032951355,0.99800796812749
"144","chrV:154915_A/C","YEL009C","YIL108W",0.0478114741410768,0.0113157730937538,0.991503174519581,0.93873918056488,0.9800796812749
"145","chrV:154915_A/C","YEL009C","YAL034C",-0.0255964517430382,0.0208771886780674,0.117600752688442,0.579606533050537,0.0737051792828685
"146","chrV:154915_A/C","YEL009C","YMR310C",0.290611686943313,0.0713988070223315,0.000405725031857812,0.991225957870483,0.00199203187250996
"147","chrV:154915_A/C","YEL009C","YDR294C",0.0414357896436762,0.00711211882905275,0.988778130924807,0.887112975120544,0.99203187250996
"148","chrV:154915_A/C","YEL009C","YOR321W",0.00183179474238056,0.00724929813924434,0.946812910018296,0.857780754566193,0.954183266932271
"149","chrV:154915_A/C","YEL009C","YBR149W",-0.174346403013392,0.0298193417604593,0.00461660582890179,0.974028706550598,0.0239043824701195
"150","chrV:154915_A/C","YEL009C","YDR284C",-0.302562645079606,0.0600338451745564,0.259742148259538,0.883664011955261,0.165338645418327
"151","chrV:154915_A/C","YEL009C","YEL059C-A",-0.0195798527841917,0.0110068850610911,0.997155134282875,0.985562980175018,0.99800796812749
"152","chrV:154915_A/C","YEL009C","YFL039C",0.353928491774858,0.0866789818060809,1,0.916866421699524,0.99800796812749
"153","chrV:154915_A/C","YEL009C","YDL048C",-0.0575643735275527,0.0219313997014208,0.0489140890998541,0.764782726764679,0.0756972111553785
"154","chrV:154915_A/C","YEL009C","YHR097C",-0.0619338033323911,0.0203679045663396,0.0112903995810944,0.906108319759369,0.0278884462151394
"155","chrV:154915_A/C","YEL009C","YKR099W",0.35913038082831,0.0920418012761497,0.000950668588904618,0.988397300243378,0.00398406374501992
"156","chrV:154915_A/C","YEL009C","YBL021C",-0.216479025156516,0.0441446459373861,0.0898416782480837,0.847478866577148,0.239043824701195
"157","chrV:154915_A/C","YEL009C","YOR312C",-0.0666418947739971,0.0176118980615664,0.990103843575654,0.953596949577332,0.99003984063745
"158","chrV:154915_A/C","YEL009C","YLR420W",-0.234652395901405,0.039610338923221,1,0.902760028839111,0.99800796812749
"159","chrV:154915_A/C","YEL009C","YLR178C",-0.101659172248669,0.00866423988094333,0.010143531455633,0.967082321643829,0.049800796812749
"160","chrV:154915_A/C","YEL009C","YER081W",-0.0107384915857866,0.00792043148029533,0.804527760055477,0.537752985954285,0.729083665338645
"161","chrV:154915_A/C","YEL009C","YCL059C",0.0365976405553759,0.0184132068401861,0.746221621831485,0.490595042705536,0.249003984063745
"162","chrV:154915_A/C","YEL009C","YPR184W",0.0401935671818372,0.0178128042259362,0.963374035884687,0.942500233650208,0.970119521912351
"163","chrV:154915_A/C","YEL009C","YKR091W",-0.223187038028622,0.0409465230683216,0.00666423384635992,0.967031836509705,0.0318725099601594
"164","chrV:154915_A/C","YEL009C","YHR104W",-0.163052622125062,0.0272497936685973,0.000321568652703966,0.990006864070892,0.00597609561752988
"165","chrV:154915_A/C","YEL009C","YNL186W",0.447942745180576,0.124904146288315,0.992189794623718,0.956341862678528,0.812749003984064
"166","chrV:154915_A/C","YEL009C","YCL002C",0.07169982079184,0.0235900395384803,0.10965407357312,0.723771095275879,0.426294820717131
"167","chrV:154915_A/C","YEL009C","YEL067C",-0.156915830125146,0.0190488625171726,0.00785770589656898,0.968065679073334,0.0239043824701195
"168","chrV:154915_A/C","YEL009C","YGR283C",0.222040289202912,0.038590126877439,0.00277636085328172,0.969261646270752,0.00398406374501992
"169","chrV:154915_A/C","YEL009C","YER150W",-0.0770535576184957,0.00689654396005134,0.0624576208521736,0.877054691314697,0.0418326693227092
"170","chrV:154915_A/C","YEL009C","YNL243W",-0.0379496704347569,0.0152400700655571,0.963650762538499,0.488850742578506,0.555776892430279
"171","chrV:154915_A/C","YEL009C","YOR040W",-0.172942445016373,0.0358273147839537,0.00731735410821055,0.956759452819824,0.0378486055776892
"172","chrV:154915_A/C","YEL009C","YLL023C",0.102701798541064,0.0186672239014133,0.999999968464968,0.962799072265625,0.99800796812749
"173","chrV:154915_A/C","YEL009C","YGL225W",0.145302966295016,0.0392204326264401,0.0231224101719806,0.914354681968689,0.0756972111553785
"174","chrV:154915_A/C","YEL009C","YEL041W",-0.160000892908903,0.0190286744818512,0.52064827248013,0.603632509708405,0.416334661354582
"175","chrV:154915_A/C","YEL009C","YPL141C",-0.0291830116254262,0.0259781434108404,0.0384916711031872,0.603760778903961,0.195219123505976
"176","chrV:154915_A/C","YEL009C","YPL266W",0.0791396322537545,0.0138746369380093,0.0265793513717622,0.873120665550232,0.131474103585657
"177","chrV:154915_A/C","YEL009C","YPR010C",0.535040543818572,0.193230191243593,0.999687024872929,0.982432961463928,0.788844621513944
"178","chrV:154915_A/C","YEL009C","YKL067W",-0.358856070691616,0.0833631145586238,7.16668333913609e-05,0.994918584823608,0.00199203187250996
"179","chrV:154915_A/C","YEL009C","YGL208W",-0.0677983461108729,0.014675452641225,0.0426873705279929,0.894416272640228,0.0577689243027888
"180","chrV:154915_A/C","YEL009C","YOR056C",0.161936705981018,0.0333207753238076,0.00250538224237073,0.975116312503815,0.00796812749003984
"181","chrV:154915_A/C","YEL009C","YOL111C",-0.295326354788669,0.0476174482162605,0.000628030694165768,0.990262031555176,0.00398406374501992
"182","chrV:154915_A/C","YEL009C","YKL010C",0.217345651601372,0.0451400096428867,1,0.989272952079773,0.99800796812749
"183","chrV:154915_A/C","YEL009C","YMR069W",0.291558689083296,0.0629546704073333,0.000764147794348883,0.988280773162842,0.00597609561752988
"184","chrV:154915_A/C","YEL009C","YNR001C",-0.177266592576377,0.024678762044175,0.001159503926152,0.988220512866974,0.00597609561752988
"185","chrV:154915_A/C","YEL009C","YGR118W",-0.0697813402486226,0.029083229677361,0.956450858551296,0.894899845123291,0.934262948207171
"186","chrV:154915_A/C","YEL009C","YLL007C",-0.0418771381199819,0.016807244237889,0.804501389357833,0.51657098531723,0.340637450199203
"187","chrV:154915_A/C","YEL009C","YGR148C",-0.0443118432012136,0.0235964410892732,0.986549809412309,0.905173540115356,0.968127490039841
"188","chrV:154915_A/C","YEL009C","YIL133C",0.232846374177945,0.0549662438300973,0.00201391681133645,0.973261594772339,0.0378486055776892
"189","chrV:154915_A/C","YEL009C","YDL149W",-0.115348570297351,0.0122896144280552,0.0221338457423936,0.958966374397278,0.0239043824701195
"190","chrV:154915_A/C","YEL009C","YCR047C",0.0500557529679524,0.0192043040660057,0.748122528327442,0.467039793729782,0.567729083665339
"191","chrV:154915_A/C","YEL009C","YEL054C",0.0993870247530858,0.0250855218842786,0.00932063827802099,0.950042963027954,0.0179282868525896
"192","chrV:154915_A/C","YEL009C","YJR058C",-0.300440469692776,0.0555074079036196,0.714821532762016,0.870841324329376,0.358565737051793
"193","chrV:154915_A/C","YEL009C","YNR007C",-0.217105346566462,0.051791533913551,0.00525116312652979,0.970898687839508,0.0219123505976096
"194","chrV:154915_A/C","YEL009C","YFR018C",0.0243057167253682,0.00948926168399227,0.956301862429463,0.854108572006226,0.972111553784861
"195","chrV:154915_A/C","YEL009C","YFR031C-A",0.0685056452810777,0.0196185289355235,0.00441389502204834,0.88372004032135,0.0318725099601594
"196","chrV:154915_A/C","YEL009C","YHL034C",-0.256053715695327,0.0746071602797075,0.00675788993368137,0.982157707214355,0.384462151394422
"197","chrV:154915_A/C","YEL009C","YBR247C",0.324940421892278,0.0765751424616371,0.00123062086555607,0.981402397155762,0.00199203187250996
"198","chrV:154915_A/C","YEL009C","YMR316W",-0.00760019235054714,0.0197893670647447,0.924074769305985,0.693154215812683,0.926294820717131
"199","chrV:154915_A/C","YEL009C","YBL078C",-0.267839661672741,0.0507330037236478,0.00411338238529788,0.968544721603394,0.047808764940239
"200","chrV:154915_A/C","YEL009C","YNL200C",-0.109683079514059,0.0237994064937621,0.000547049893820003,0.982546329498291,0.00199203187250996
"201","chrV:154915_A/C","YEL009C","YHR140W",-0.219396459113705,0.028745828522161,0.0178404140354896,0.944159865379333,0.0836653386454183
"202","chrV:154915_A/C","YEL009C","YHR196W",0.165122811503376,0.0276156084777546,0.00784078372172458,0.936005353927612,0.0219123505976096
"203","chrV:154915_A/C","YEL009C","YDR283C",0.0814707705541013,0.0191586685273226,0.999999957232722,0.960654854774475,0.99800796812749
"204","chrV:154915_A/C","YEL009C","YJL155C",-0.238079779025424,0.0349950739468127,0.0021156008636661,0.977173268795013,0.0258964143426295
"205","chrV:154915_A/C","YEL009C","YOR127W",0.200613532157161,0.0397373236291422,0.999999999999988,0.934032320976257,0.99800796812749
"206","chrV:154915_A/C","YEL009C","YLR408C",-0.307346272538931,0.0517720782730825,0.925147976246287,0.811709940433502,0.806772908366534
"207","chrV:154915_A/C","YEL009C","YHR008C",-0.115460635459138,0.0129305277500352,0.0200640089425416,0.93932580947876,0.0358565737051793
"208","chrV:154915_A/C","YEL009C","YPL143W",-0.236795863553192,0.0593329535559486,1,0.933305263519287,0.99800796812749
"209","chrV:154915_A/C","YEL009C","YOR378W",0.0481672367432292,0.00544154198664929,0.698143725132064,0.452498972415924,0.541832669322709
"210","chrV:154915_A/C","YEL009C","YBL009W",0.127705447692564,0.0275506321535055,0.0108278169664318,0.948050558567047,0.0956175298804781
"211","chrV:154915_A/C","YEL009C","YER136W",-0.00448701775639433,0.0328511144428769,0.286332990873759,0.478589326143265,0.117529880478088
"212","chrV:154915_A/C","YEL009C","YDL204W",-0.0825525889709564,0.016161716401055,0.00335499612858086,0.949110805988312,0.0159362549800797
"213","chrV:154915_A/C","YEL009C","YJR065C",-0.0620458569160026,0.0188422783269535,0.0784176379228387,0.783692479133606,0.0418326693227092
"214","chrV:154915_A/C","YEL009C","YOR062C",-0.125204874370253,0.0121696982807912,0.049619060522525,0.865332186222076,0.0398406374501992
"215","chrV:154915_A/C","YEL009C","YOR154W",0.0864810408011088,0.0169592204274607,0.0261632853645185,0.863978743553162,0.0956175298804781
"216","chrV:154915_A/C","YEL009C","YNL282W",0.054891239075861,0.0241348167391812,0.815709856805989,0.523248672485352,0.404382470119522
"217","chrV:154915_A/C","YEL009C","YHL033C",0.192115498600297,0.0444776726850447,0.00850817378066937,0.943491816520691,0.250996015936255
"218","chrV:154915_A/C","YEL009C","YOR101W",0.317691685062554,0.0581733984915069,0.00346057650455165,0.976357460021973,0.0199203187250996
"219","chrV:154915_A/C","YEL009C","YPL075W",-0.177992335780338,0.0258490024021062,0.030943020087828,0.917474150657654,0.0856573705179283
"220","chrV:154915_A/C","YEL009C","YBL064C",-0.0880319837375724,0.0137514090756039,0.0300907904321417,0.891859114170074,0.0637450199203187
"221","chrV:154915_A/C","YEL009C","YFR041C",-0.272964648483752,0.0424624707289701,0.00516349575221456,0.969429969787598,0.0199203187250996
"222","chrV:154915_A/C","YEL009C","YDR376W",-0.0971625098719867,0.00870512626831279,0.0672540150874868,0.869769215583801,0.139442231075697
"223","chrV:154915_A/C","YEL009C","YPR127W",-0.0942286927963011,0.0227600816294371,0.0521193433276626,0.903243899345398,0.0438247011952191
"224","chrV:154915_A/C","YEL009C","YGR251W",0.0190330155498488,0.0107204853685574,0.801537355733179,0.45522266626358,0.733067729083665
"225","chrV:154915_A/C","YEL009C","YDR018C",-0.132659667991414,0.0172563174181919,0.00152240786327188,0.982771635055542,0.0159362549800797
"226","chrV:154915_A/C","YEL009C","YCL057W",0.00810361142633016,0.0218643272014804,0.989692482798706,0.869225978851318,0.966135458167331
"227","chrV:154915_A/C","YEL009C","YBL075C",0.0415006737398282,0.0262489063231442,0.946779653098104,0.949754476547241,0.888446215139442
"228","chrV:154915_A/C","YEL009C","YOR310C",0.405005787177409,0.115331460251916,0.00191940511228353,0.977242350578308,0.0358565737051793
"229","chrV:154915_A/C","YEL009C","YMR128W",0.400745111176132,0.0988685557723544,0.666511879812837,0.965428709983826,0.336653386454183
"230","chrV:154915_A/C","YEL009C","YNL063W",-0.127685591121383,0.0131295513193576,0.0260027012822152,0.910680532455444,0.0737051792828685
"231","chrV:154915_A/C","YEL009C","YBL098W",-0.0400125771406081,0.00553317650776628,0.946491892028158,0.788705348968506,0.97808764940239
"232","chrV:154915_A/C","YEL009C","YFR006W",-0.0793311352784429,0.00448542114081839,0.0527346670826162,0.779704868793488,0.0936254980079681
"233","chrV:154915_A/C","YEL009C","YJL098W",0.355605196854863,0.0851234925807438,0.390056152124156,0.924047589302063,0.258964143426295
"234","chrV:154915_A/C","YEL009C","YNL308C",0.181449613753798,0.042450944383316,0.00594720157306844,0.972036004066467,0.049800796812749
"235","chrV:154915_A/C","YEL009C","YNL132W",0.499566623097606,0.168030403827835,0.999999998990126,0.932175099849701,0.99800796812749
"236","chrV:154915_A/C","YEL009C","YDL132W",-0.178562676711182,0.0480876624972898,0.0251184141644691,0.92045533657074,0.0697211155378486
"237","chrV:154915_A/C","YEL009C","YLR183C",0.0496178200534534,0.0215536510455462,0.452643055421086,0.485580563545227,0.430278884462151
"238","chrV:154915_A/C","YEL009C","YOR341W",0.600533362553561,0.239424081495129,1,0.948529958724976,0.99800796812749
"239","chrV:154915_A/C","YEL009C","YOR018W",-0.196012643043584,0.0333183735518958,0.00275689985025867,0.97537636756897,0.0119521912350598
"240","chrV:154915_A/C","YEL009C","YDL201W",0.248394671478124,0.037599606169108,4.55944540007058e-05,0.994678974151611,0.00199203187250996
"241","chrV:154915_A/C","YEL009C","YMR040W",-0.183664321920151,0.0269100011257296,0.0101600024938336,0.944150865077972,0.0657370517928287
"242","chrV:154915_A/C","YEL009C","YHR032W",0.317496372818088,0.0640805359737327,0.0343002108347958,0.924760162830353,0.127490039840637
"243","chrV:154915_A/C","YEL009C","YPL222W",-0.0297738806616367,0.0184781668036061,0.683230861707852,0.507963597774506,0.292828685258964
"244","chrV:154915_A/C","YEL009C","YOL100W",-0.100911534714618,0.0327053485559191,0.00248911722216892,0.961004972457886,0.0239043824701195
"245","chrV:154915_A/C","YEL009C","YBL054W",0.342695808919254,0.0783375409404312,0.00692932365856044,0.968026757240295,0.0358565737051793
"246","chrV:154915_A/C","YEL009C","YOL077W-A",-0.292443053293196,0.0621174522113669,0.0134033999985773,0.946077823638916,0.109561752988048
"247","chrV:154915_A/C","YEL009C","YJL050W",0.427875474359302,0.127362857981197,0.869084310065247,0.966702401638031,0.276892430278884
"248","chrV:154915_A/C","YEL009C","YIL088C",-0.23030624980773,0.0446365330519601,0.0143157520561784,0.939267516136169,0.047808764940239
"249","chrV:154915_A/C","YEL009C","YAL015C",-0.0948153821111143,0.0194901567059813,0.0283768803590107,0.913309991359711,0.0537848605577689
"250","chrV:154915_A/C","YEL009C","YGR079W",0.24102479219693,0.0469073932208195,0.00689283751133753,0.955204725265503,0.00199203187250996
"251","chrV:154915_A/C","YEL009C","YER029C",-0.182079929634332,0.0421995178841064,3.46409979353891e-06,0.997841775417328,0.00199203187250996
"252","chrV:154915_A/C","YEL009C","YOR163W",-0.40658703019946,0.0997205681067186,0.215990365947072,0.979687213897705,0.0258964143426295
"253","chrV:154915_A/C","YEL009C","YPL186C",-0.111916393808626,0.0107177213580449,0.00226679240139816,0.979030251502991,0.0119521912350598
"254","chrV:154915_A/C","YEL009C","YNL257C",0.0677115561064554,0.0200536913330366,0.999652758435258,0.965965867042542,0.99800796812749
"255","chrV:154915_A/C","YEL009C","YKL091C",-0.306179366109473,0.0635743937926208,0.00546116564232618,0.967093586921692,0.0239043824701195
"256","chrV:154915_A/C","YEL009C","YGR206W",-0.212964632042742,0.0400260397842586,0.00606661387110466,0.964533805847168,0.0199203187250996
"257","chrV:154915_A/C","YEL009C","YMR261C",0.092838373890158,0.0169825817618173,0.999995821793449,0.978610813617706,0.99800796812749
"258","chrV:154915_A/C","YEL009C","YKL195W",-0.0806680209041182,0.0257252048656725,0.016786687610376,0.908661901950836,0.047808764940239
"259","chrV:154915_A/C","YEL009C","YDL110C",-0.181232488226472,0.042128439330456,0.00687585412489662,0.967338085174561,0.0298804780876494
"260","chrV:154915_A/C","YEL009C","YOL083W",-0.184121856685967,0.033887270739084,0.00260569512905228,0.977341532707214,0.0119521912350598
"261","chrV:154915_A/C","YEL009C","YGR280C",0.0997320543864422,0.0320321985738805,0.278272536379304,0.837177515029907,0.0796812749003984
"262","chrV:154915_A/C","YEL009C","YJL005W",0.191933964384814,0.0375955447344415,1,0.952843070030212,0.99800796812749
"263","chrV:154915_A/C","YEL009C","YLR060W",0.473779791412914,0.144820929260892,0.999999999992256,0.841943025588989,0.99800796812749
"264","chrV:154915_A/C","YEL009C","YEL020C",-0.150634218304626,0.0283881446789279,0.000293949945298478,0.993439912796021,0.00597609561752988
"265","chrV:154915_A/C","YEL009C","YCL043C",-0.0457193788544977,0.0163972972757862,0.356070882834008,0.574755012989044,0.754980079681275
"266","chrV:154915_A/C","YEL009C","YIL112W",0.0210018264224689,0.0453874026776029,0.903130273740182,0.617489635944366,0.681274900398406
"267","chrV:154915_A/C","YEL009C","YKL188C",-0.146272823753665,0.0264871225814846,0.000420058398076448,0.988374412059784,0.00597609561752988
"268","chrV:154915_A/C","YEL009C","YHR004C",-0.224375931413574,0.0438434251604359,0.000248807889095779,0.991355895996094,0.00398406374501992
"269","chrV:154915_A/C","YEL009C","YAL054C",-0.0172837616214346,0.0138519792746423,0.718695449982068,0.477978318929672,0.711155378486056
"270","chrV:154915_A/C","YEL009C","YNL277W-A",0.00523162773381032,0.0120098505414123,0.792756699383187,0.5514777302742,0.778884462151394
"271","chrV:154915_A/C","YEL009C","YEL007W",-0.227520830208914,0.0415662990180345,0.000698977323101784,0.98625648021698,0.00398406374501992
"272","chrV:154915_A/C","YEL009C","YKL086W",-0.150434304170791,0.0225814433646782,0.0117739045527342,0.971919000148773,0.105577689243028
"273","chrV:154915_A/C","YEL009C","YGR200C",0.204423562407113,0.04099544481785,0.00620851945644492,0.966346681118011,0.0458167330677291
"274","chrV:154915_A/C","YEL009C","YBR072W",-0.0231364020353831,0.000576399458414956,0.880734981183251,0.491292625665665,0.51792828685259
"275","chrV:154915_A/C","YEL009C","YPL236C",-0.187396546829963,0.0260228868250208,0.00227529911642058,0.9781334400177,0.0099601593625498
"276","chrV:154915_A/C","YEL009C","YDR001C",-0.0976071697065186,0.0203363011526476,0.0400426640217678,0.935104131698608,0.0139442231075697
"277","chrV:154915_A/C","YEL009C","YDR483W",0.143532211694483,0.0195526424374722,0.999999987631994,0.927977681159973,0.99800796812749
"278","chrV:154915_A/C","YEL009C","YLR324W",-0.222729468528278,0.0415115959846386,0.000202729795463415,0.993354022502899,0.00597609561752988
"279","chrV:154915_A/C","YEL009C","YPR115W",0.0758523103201617,0.0192247728938813,0.998783026214493,0.981580018997192,0.99800796812749
"280","chrV:154915_A/C","YEL009C","YAR009C",-0.0484999545310557,0.00907549239008697,0.362465637330555,0.494410246610641,0.47808764940239
"281","chrV:154915_A/C","YEL009C","YEL066W",0.0844797994585883,0.0117454408775255,0.999648796874283,0.850591480731964,0.99800796812749
"282","chrV:154915_A/C","YEL009C","YAL059W",0.171153998963499,0.0294437500820494,0.0258408827804317,0.921489238739014,0.0617529880478088
"283","chrV:154915_A/C","YEL009C","YMR004W",-0.157980489685739,0.042991269733105,0.000925823725045421,0.982587337493896,0.0358565737051793
"284","chrV:154915_A/C","YEL009C","YPL271W",-0.33059059474923,0.0750491949056895,0.00242608511736516,0.979494392871857,0.0159362549800797
"285","chrV:154915_A/C","YEL009C","YMR304W",0.0263260620576551,0.0216479508988293,0.975448722955227,0.936667799949646,0.98605577689243
"286","chrV:154915_A/C","YEL009C","YLR241W",-0.0239726241910719,0.0105822567610504,0.852024380581183,0.497564166784286,0.51195219123506
"287","chrV:154915_A/C","YEL009C","YBL086C",-0.200210935834642,0.0465845665607254,0.00753611954949959,0.953116297721863,0.0358565737051793
"288","chrV:154915_A/C","YEL009C","YJL192C",-0.483901316754652,0.143690429877709,0.999999999928509,0.904027104377747,0.99800796812749
"289","chrV:154915_A/C","YEL009C","YLR251W",-0.212695057379875,0.0314810033270007,0.000189404131668962,0.992569267749786,0.00199203187250996
"290","chrV:154915_A/C","YEL009C","YKL157W",-0.045925748256677,0.0100054317053361,0.752279296552804,0.561256289482117,0.683266932270916
"291","chrV:154915_A/C","YEL009C","YDR293C",0.215965822522337,0.0422642648353867,0.999999999971181,0.914623081684113,0.99800796812749
"292","chrV:154915_A/C","YEL009C","YML093W",0.298791992204924,0.0584537353641598,0.00331779879814493,0.97447681427002,0.0179282868525896
"293","chrV:154915_A/C","YEL009C","YLR377C",-0.178336740192211,0.0179711351536491,0.00473226562241409,0.975244462490082,0.0338645418326693
"294","chrV:154915_A/C","YEL009C","YOR319W",-0.135559954670516,0.0217305283959703,0.999958405705347,0.832307994365692,0.99800796812749
"295","chrV:154915_A/C","YEL009C","YBR094W",0.172201349151545,0.029490472483317,0.999999999971554,0.945746898651123,0.99800796812749
"296","chrV:154915_A/C","YEL009C","YCR057C",0.436777852543204,0.117384217197763,0.386974767344399,0.977460026741028,0.0358565737051793
"297","chrV:154915_A/C","YEL009C","YEL026W",0.438476081451678,0.141241333069369,0.995627424072423,0.96228951215744,0.733067729083665
"298","chrV:154915_A/C","YEL009C","YOR048C",0.37615306616778,0.0905839506218071,0.99989851223214,0.836498379707336,0.99800796812749
"299","chrV:154915_A/C","YEL009C","YGR008C",-0.232054426965812,0.0413339274292064,4.98667663985519e-05,0.995379447937012,0.00199203187250996
"300","chrV:154915_A/C","YEL009C","YLL015W",0.0806285277470921,0.0279417729518943,0.999961702006868,0.976433634757996,0.99800796812749
"301","chrV:154915_A/C","YEL009C","YMR152W",-0.101896594317851,0.0176169379589346,0.0940619715126535,0.79791522026062,0.237051792828685
"302","chrV:154915_A/C","YEL009C","YLR248W",0.0658831074568279,0.0176880141192139,0.997507858947374,0.956135630607605,0.99203187250996
"303","chrV:154915_A/C","YEL009C","YJL082W",-0.0832259756647821,0.0130840717858784,0.043821616131002,0.878265023231506,0.0617529880478088
"304","chrV:154915_A/C","YEL009C","YLR073C",0.233588963627428,0.0593704405189932,0.00302818919358381,0.963265419006348,0.00199203187250996
"305","chrV:154915_A/C","YEL009C","YHR155W",0.17954766684536,0.0359362763496765,0.999999999998944,0.876941800117493,0.99800796812749
"306","chrV:154915_A/C","YEL009C","YCL035C",-0.367180072690797,0.0884422387043444,0.000875041965999497,0.980186998844147,0.00398406374501992
"307","chrV:154915_A/C","YEL009C","YEL057C",-0.173609799480703,0.0174387258903284,0.0046085461129001,0.974479675292969,0.0239043824701195
"308","chrV:154915_A/C","YEL009C","YKL110C",0.115712344997029,0.0282940935760474,0.0203269268466663,0.928024470806122,0.103585657370518
"309","chrV:154915_A/C","YEL009C","YDL112W",0.53351658960947,0.175542388211447,1,0.841365456581116,0.99800796812749
"310","chrV:154915_A/C","YEL009C","YGR201C",0.0542561182524462,0.0146742833937602,0.992825405971129,0.961735367774963,0.98605577689243
"311","chrV:154915_A/C","YEL009C","YMR278W",0.239436498065929,0.0382817953681307,1,0.921395123004913,0.99800796812749
"312","chrV:154915_A/C","YEL009C","YER019C-A",-0.380906694574084,0.0946494066042392,1,0.989300310611725,0.99800796812749
"313","chrV:154915_A/C","YEL009C","YCR017C",0.339881409146872,0.0847833291938838,1,0.845617055892944,0.99800796812749
"314","chrV:154915_A/C","YEL009C","YJR040W",0.103675106296046,0.009695663257927,0.999999979649814,0.892997145652771,0.99800796812749
"315","chrV:154915_A/C","YEL009C","YLR271W",-0.319531538215164,0.0718104459671928,0.333715277531421,0.929594576358795,0.143426294820717
"316","chrV:154915_A/C","YEL009C","YLR347C",0.553461131769214,0.197611922763981,1,0.863113641738892,0.99800796812749
"317","chrVI:107738_C/T","YFL021W","YPL168W",0.14474940214064,0.026350875707434,0.00592037073631481,0.857942938804626,0.0119521912350598
"318","chrVI:107738_C/T","YFL021W","YNL236W",0.327967188561809,0.109405069573004,0.00189475223788776,0.892897605895996,0.0298804780876494
"319","chrVI:107738_C/T","YFL021W","YOR362C",0.00498037539756705,0.0221153488039366,0.96822356283524,0.755864679813385,0.890438247011952
"320","chrVI:107738_C/T","YFL021W","YGR170W",0.392908492479506,0.13578485859657,0.0028711607108074,0.889717578887939,0.0458167330677291
"321","chrVI:107738_C/T","YFL021W","YNL176C",0.507476114831558,0.228108061943928,0.000289494835880692,0.983160972595215,0.0717131474103586
"322","chrVI:107738_C/T","YFL021W","YJR116W",0.156773441721421,0.0424597046224554,1,0.981246650218964,0.99800796812749
"323","chrVI:107738_C/T","YFL021W","YNL183C",0.526496834358903,0.19189861282351,1.02431752869059e-05,0.999680697917938,0.00597609561752988
"324","chrVI:107738_C/T","YFL021W","YFL024C",0.386735472368088,0.128598970833148,7.00707475148789e-05,0.985466957092285,0.00398406374501992
"325","chrVI:107738_C/T","YFL021W","YIR028W",0.365560749049145,0.105261032919612,3.84831845547934e-06,0.999741852283478,0.0099601593625498
"326","chrVI:107738_C/T","YFL021W","YJL079C",0.298970550829274,0.0702863926795122,0.00532759470285376,0.865648508071899,0.0378486055776892
"327","chrVI:107738_C/T","YFL021W","YML099C",0.269767590007261,0.0906901104752501,0.00166928375086264,0.905800521373749,0.0617529880478088
"328","chrVI:107738_C/T","YFL021W","YFR026C",0.126521979049112,0.0348157814366139,0.0201188403573467,0.967194020748138,0.195219123505976
"329","chrVI:226791_G/A","YFR034C","YFR040W",0.199364895386031,0.0744772685718937,0.000159761223086166,0.974698543548584,0.0179282868525896
"330","chrVI:226791_G/A","YFR034C","YDR449C",0.139570611547542,0.0395426951135376,0.195299440130784,0.932744204998016,0.0876494023904383
"331","chrVI:226791_G/A","YFR034C","YMR177W",0.131943036811663,0.0711701914807426,0.516675806256947,0.872398257255554,0.135458167330677
"332","chrVII:53419_T/C","YGL237C","YOR195W",-0.00662324904842159,0.0459238048257474,0.892232229514838,0.400477528572083,0.360557768924303
"333","chrVII:53419_T/C","YGL237C","YJL092W",0.0315797287124618,0.0189733335495393,0.736287756716822,0.772246241569519,0.169322709163347
"334","chrVII:53419_T/C","YGL237C","YOR192C",0.22640340890204,0.0526028785342895,1,0.999414682388306,0.99800796812749
"335","chrVII:53419_T/C","YGL237C","YAL034C",0.621941883972717,0.279926463694466,1,0.97659957408905,0.99800796812749
"336","chrVII:53419_T/C","YGL237C","YLR084C",-0.138984987424886,0.0257584207956929,0.041230113336023,0.963070273399353,0.0896414342629482
"337","chrVII:53419_T/C","YGL237C","YKR098C",0.549830204317865,0.22197621758991,1,0.975634694099426,0.99800796812749
"338","chrVII:53419_T/C","YGL237C","YGR159C",-0.416781787501968,0.127952800142361,1,0.997047901153564,0.99800796812749
"339","chrVII:53419_T/C","YGL237C","YOR138C",0.625291172302207,0.270510360473181,1,0.976506233215332,0.99800796812749
"340","chrVII:53419_T/C","YGL237C","YHR050W",0.337184342606182,0.0664740245037559,1,0.997666835784912,0.99402390438247
"341","chrVII:53419_T/C","YGL237C","YNL115C",0.602826686532346,0.262985084019659,1,0.998654901981354,0.99800796812749
"342","chrVII:53419_T/C","YGL237C","YMR306W",-0.0597891662848667,-0.00263353902212494,0.203300066417186,0.75344455242157,0.280876494023904
"343","chrVII:53419_T/C","YGL237C","YEL062W",0.499859678300622,0.165797561315741,1,0.961270451545715,0.99601593625498
"344","chrVII:53419_T/C","YGL237C","YBL078C",0.576201479151301,0.239634329302027,1,0.988309800624847,0.99800796812749
"345","chrVII:53419_T/C","YGL237C","YOL040C",-0.420743028725465,0.120649951651412,1,0.994186699390411,0.99800796812749
"346","chrVII:53419_T/C","YGL237C","YNL234W",0.234182808254771,0.0388057899476676,0.042604933278383,0.974747896194458,0.0657370517928287
"347","chrVII:53419_T/C","YGL237C","YDL054C",0.341470722157327,0.0773416478122622,1,0.998487949371338,0.99800796812749
"348","chrVII:53419_T/C","YGL237C","YDR060W",-0.364720393484761,0.102077855063463,1,0.924289584159851,0.99800796812749
"349","chrVII:53419_T/C","YGL237C","YEL024W",0.504023676535506,0.146155123436234,1,0.905061006546021,0.99402390438247
"350","chrVII:53419_T/C","YGL237C","YFL018C",0.330251099483818,0.079628738203806,1,0.981846332550049,0.99800796812749
"351","chrVII:53419_T/C","YGL237C","YOR153W",-0.163270940204477,0.0153605871543806,0.0265610276586016,0.978422880172729,0.0139442231075697
"352","chrVII:53419_T/C","YGL237C","YOL110W",0.430235176018894,0.140588843950716,1,0.997292399406433,0.99800796812749
"353","chrVII:53419_T/C","YGL237C","YMR247C",0.0902018959424666,0.00898530371447277,0.981879228429875,0.851027429103851,0.50597609561753
"354","chrVII:53419_T/C","YGL237C","YPL229W",0.596628194434572,0.23976513328223,1,0.954050481319427,0.99800796812749
"355","chrVII:53419_T/C","YGL237C","YCL047C",0.350365505058024,0.0731168394151367,1,0.918491721153259,0.962151394422311
"356","chrVII:53419_T/C","YGL237C","YLL055W",0.244142574904978,0.0428095752317856,1,0.860853493213654,0.97609561752988
"357","chrVII:53419_T/C","YGL237C","YKL061W",0.454324496641999,0.128656582570572,1,0.999371707439423,0.99800796812749
"358","chrVII:191348_A/G","YGL166W","YER002W",-0.142492178913426,0.0458963137852931,0.49474297228317,0.890518069267273,0.129482071713147
"359","chrVII:191348_A/G","YGL166W","YHR155W",0.147183759876604,0.030946185320905,0.0151842946577149,0.959248781204224,0.0338645418326693
"360","chrVII:191348_A/G","YGL166W","YNL306W",0.345755584967466,0.0658003916666664,1.8095555987246e-05,0.999391198158264,0.00199203187250996
"361","chrVII:316175_G/A","YGL096W","YNL281W",0.00427186051892248,0.0203783006205776,0.762999500491458,0.540093243122101,0.934262948207171
"362","chrVII:369600_A/G","YGL071W","YGL076C",0.0558888957341636,0.0454867015618592,0.999999999996803,0.999742031097412,0.99800796812749
"363","chrVII:369600_A/G","YGL071W","YMR272C",-0.0735035731928786,0.0170606759982345,0.733924262523854,0.587281584739685,0.390438247011952
"364","chrVII:369600_A/G","YGL071W","YER103W",0.0656327988781859,0.0305471168832725,0.388686149802392,0.74492347240448,0.231075697211155
"365","chrVII:369600_A/G","YGL071W","YAL040C",0.367928381759034,0.113191019668678,0.0275784218383873,0.761854648590088,0.105577689243028
"366","chrVII:369600_A/G","YGL071W","YNL007C",0.204030529657653,0.056527683895805,0.000223053421783123,0.999188661575317,0.00199203187250996
"367","chrVII:369600_A/G","YGL071W","YNL130C",0.197381056041461,0.0385528054766466,1,0.889733195304871,0.99800796812749
"368","chrVII:369600_A/G","YGL071W","YMR214W",0.182657009063384,0.0320340543365299,0.999999999988404,0.98895263671875,0.99800796812749
"369","chrVII:369600_A/G","YGL071W","YKR066C",-0.220266570589422,0.04377375490714,0.00981513211889311,0.866052985191345,0.0338645418326693
"370","chrVII:369600_A/G","YGL071W","YOR099W",0.0157767231269068,0.0234394677639076,0.828984419686193,0.540612757205963,0.896414342629482
"371","chrVII:369600_A/G","YGL071W","YOR288C",0.122076127129897,0.0225757068979791,0.999999880472815,0.9594766497612,0.99800796812749
"372","chrVII:369600_A/G","YGL071W","YDR223W",-0.00862791753092441,0.0210534714960911,0.932424635765017,0.340085566043854,0.964143426294821
"373","chrVII:369600_A/G","YGL071W","YDL129W",-0.0104620742211306,0.0263577153224519,0.961885699843342,0.644752681255341,0.928286852589641
"374","chrVII:369600_A/G","YGL071W","YHR115C",0.174954511953094,0.0269033120385749,0.00125738912965751,0.948810935020447,0.00199203187250996
"375","chrVII:369600_A/G","YGL071W","YKL043W",0.255129429935903,0.0587338862240805,1,0.887718021869659,0.99800796812749
"376","chrVII:369600_A/G","YGL071W","YJR154W",0.14435195810627,0.0575301677622388,0.999999999999941,0.980416178703308,0.99800796812749
"377","chrVII:369600_A/G","YGL071W","YMR120C",0.133820391675093,0.0336252206242133,0.00364480140351268,0.912249445915222,0.0298804780876494
"378","chrVII:431867_A/G","YGL035C","YDL070W",0.268886120341265,0.0622336470500298,0.999115664728087,0.951552629470825,0.99203187250996
"379","chrVII:431867_A/G","YGL035C","YNL129W",-0.0553129625444977,0.00685541483147677,0.805815662721207,0.487270563840866,0.685258964143426
"380","chrVII:431867_A/G","YGL035C","YDR007W",0.128212328642856,0.0201945511538543,0.0558234962912754,0.881350994110107,0.0756972111553785
"381","chrVII:448106_T/C","YGL013C","YGR047C",0.405932446462834,0.129323597720976,0.0503069922314611,0.875828683376312,0.0836653386454183
"382","chrVII:448106_T/C","YGL013C","YAL042W",0.023040164239663,0.017509388411132,0.515071432681443,0.60571676492691,0.191235059760956
"383","chrVII:448106_T/C","YGL013C","YKL218C",0.127144103004174,0.0234116336053789,0.999933279493195,0.992666244506836,0.99601593625498
"384","chrVII:448106_T/C","YGL013C","YGR281W",0.412922874194566,0.105487471365795,0.380305175896424,0.999798059463501,0.677290836653386
"385","chrVII:448106_T/C","YGL013C","YPR194C",-0.073435424051203,0.0140925805439382,0.0906683230340577,0.898288488388062,0.370517928286853
"386","chrVII:448106_T/C","YGL013C","YNL160W",0.0742401998819188,0.0206479119766657,0.999970339461296,0.910608768463135,0.99601593625498
"387","chrVII:448106_T/C","YGL013C","YML085C",0.335419990736765,0.089928060045483,0.00546452697559747,0.969165921211243,0.0358565737051793
"388","chrVII:448106_T/C","YGL013C","YMR008C",0.155944733801707,0.0322772238824443,0.999999764746688,0.857481360435486,0.99203187250996
"389","chrVII:448106_T/C","YGL013C","YPL242C",0.423355979820305,0.134381685447544,0.0181681933171348,0.918614506721497,0.0896414342629482
"390","chrVII:448106_T/C","YGL013C","YNL080C",0.16123564744747,0.0322774517286773,0.0876375875379265,0.812540113925934,0.0557768924302789
"391","chrVII:448106_T/C","YGL013C","YGR234W",0.00432824623417233,0.0195013920056156,0.94856504612392,0.469115316867828,0.641434262948207
"392","chrVII:448106_T/C","YGL013C","YNL197C",0.453656540112537,0.170610741568944,0.0236679971543957,0.90743887424469,0.0239043824701195
"393","chrVII:448106_T/C","YGL013C","YJL074C",0.487717078201534,0.174874785095067,0.00556203405276535,0.984146237373352,0.0298804780876494
"394","chrVII:448106_T/C","YGL013C","YPR157W",-0.198991719207752,0.0331067428502794,0.00535163182913451,0.954787969589233,0.0099601593625498
"395","chrVII:448106_T/C","YGL013C","YNL029C",0.052737756302166,0.0134725665286472,0.0319804972216959,0.894543886184692,0.0637450199203187
"396","chrVII:448106_T/C","YGL013C","YCR073C",0.200354482055929,0.0224333721460132,0.000624954388627305,0.993212819099426,0.00796812749003984
"397","chrVII:448106_T/C","YGL013C","YLL050C",-0.267089338001947,0.0720473082628545,1,0.910131096839905,0.99800796812749
"398","chrVII:448106_T/C","YGL013C","YDL166C",-0.101819159479331,0.0273585338579182,0.999999940342659,0.953006982803345,0.99800796812749
"399","chrVII:448106_T/C","YGL013C","YPL112C",0.154645894061106,0.0407373290253316,0.033863690860514,0.884754836559296,0.159362549800797
"400","chrVII:448106_T/C","YGL013C","YOL012C",0.113672814627747,0.0322198829576267,0.0151911283409851,0.912992656230927,0.0278884462151394
"401","chrVII:448106_T/C","YGL013C","YIL159W",0.357202336712034,0.118524153025374,0.0336367807042051,0.866288423538208,0.0657370517928287
"402","chrVII:448106_T/C","YGL013C","YGR043C",0.168326840041587,0.0210958818601065,0.999999171639348,0.964321911334991,0.99601593625498
"403","chrVII:448106_T/C","YGL013C","YLR413W",0.132185993248789,0.0155648073674868,0.00245111604887528,0.992491841316223,0.0099601593625498
"404","chrVII:580178_G/T","YGR044C","YBR056W",0.544817178465061,0.214605965720978,0.000217030691445828,0.996446013450623,0.00398406374501992
"405","chrVIII:51314_C/A","YHL027W","YHR053C",-0.0532352473520336,-0.00784732907250919,0.780807430439984,0.622035324573517,0.653386454183267
"406","chrVIII:51314_C/A","YHL027W","YGL035C",0.0244487998196305,0.0135427393671728,0.999881159636043,0.820769786834717,0.99800796812749
"407","chrVIII:51314_C/A","YHL027W","YHR035W",0.205279641133984,0.0386942948866249,0.0113662337889388,0.882215619087219,0.0099601593625498
"408","chrVIII:51314_C/A","YHL027W","YMR305C",0.467524647301851,0.131042505733677,1,0.875379860401154,0.99800796812749
"409","chrVIII:51314_C/A","YHL027W","YJL085W",0.410827803316853,0.110396899041455,0.99999988497518,0.850083947181702,0.99800796812749
"410","chrVIII:51314_C/A","YHL027W","YIL117C",0.283398008829355,0.0509938372908425,5.36538152092501e-08,0.999526679515839,0.00199203187250996
"411","chrVIII:83441_C/T","YHL009C","YPR006C",0.0624535592139683,0.0136170645075046,0.999997436254891,0.98555850982666,0.99800796812749
"412","chrVIII:336408_T/C","YHR124W","YOR261C",0.219052263108993,0.0492619398536955,0.0033341868842246,0.852258801460266,0.00796812749003984
"413","chrVIII:336408_T/C","YHR124W","YDR248C",0.198072504689248,0.0360340875382548,1,0.985897839069366,0.99800796812749
"414","chrVIII:459310_C/G","YHR178W","YCL035C",0.145779743988707,0.0356375535915656,1,0.825497984886169,0.99800796812749
"415","chrVIII:459310_C/G","YHR178W","YLR091W",0.238778973472698,0.0371486633754141,5.46892207180704e-06,0.999096989631653,0.00199203187250996
"416","chrVIII:459310_C/G","YHR178W","YHR155W",0.389758279301558,0.0891504966764422,1.09075789825524e-10,0.999543070793152,0.00199203187250996
"417","chrVIII:459310_C/G","YHR178W","YHR146W",0.0379463706547063,0.0143870667589761,1,0.999572396278381,0.99800796812749
"418","chrVIII:459310_C/G","YHR178W","YDR243C",0.0125668939227117,0.0166332246873296,0.903231635952416,0.692444562911987,0.908366533864542
"419","chrVIII:459310_C/G","YHR178W","YOR301W",0.296498922946002,0.0574750293460691,0.999999993933533,0.789239048957825,0.99800796812749
"420","chrVIII:459310_C/G","YHR178W","YHR162W",0.0236916913379257,0.0278201052869438,0.999856141726067,0.990438997745514,0.99800796812749
"421","chrVIII:459310_C/G","YHR178W","YDR142C",0.215403447376318,0.0279329630499777,0.000275216911475287,0.940839052200317,0.00398406374501992
"422","chrVIII:459310_C/G","YHR178W","YHR142W",-0.133851189622231,0.0119779938848597,0.0313151459330089,0.919486582279205,0.0438247011952191
"423","chrVIII:459310_C/G","YHR178W","YER021W",0.152036578513409,0.016240878441392,1,0.827947556972504,0.99800796812749
"424","chrVIII:459310_C/G","YHR178W","YHR194W",-0.00286401225489682,0.0137419058060046,1,0.999802350997925,0.99800796812749
"425","chrVIII:459310_C/G","YHR178W","YML029W",0.365131546079061,0.0904648971918461,0.999999999999817,0.769193410873413,0.99800796812749
"426","chrVIII:459310_C/G","YHR178W","YGR019W",0.295549431498262,0.0542940939688916,0.999889677114259,0.716187834739685,0.99800796812749
"427","chrVIII:459310_C/G","YHR178W","YHR214C-B",-0.202281682136412,0.0137286058199529,0.099296409870476,0.959742426872253,0.0657370517928287
"428","chrVIII:459310_C/G","YHR178W","YOR154W",0.0169314608937914,0.00659610620434896,0.959643337082574,0.655681610107422,0.954183266932271
"429","chrVIII:459310_C/G","YHR178W","YER075C",0.262574382107791,0.0495310726157804,0.00142587912997785,0.980265855789185,0.00398406374501992
"430","chrIX:100355_A/G","YIL131C","YIL061C",0.124740844247915,0.0386178107757871,0.999999998258563,0.888898968696594,0.99800796812749
"431","chrIX:100355_A/G","YIL131C","YOR108W",0.179836993875828,0.0811834300377558,1,0.784677803516388,0.99800796812749
"432","chrIX:100355_A/G","YIL131C","YDL048C",0.0264269427017972,0.0431117522647738,0.998594105870527,0.973508358001709,0.99203187250996
"433","chrIX:100355_A/G","YIL131C","YBL075C",0.0703569608275469,0.0632364894339982,0.996201669143923,0.506194114685059,0.926294820717131
"434","chrIX:100355_A/G","YIL131C","YLR214W",0.0967507899470823,0.0271978116752335,0.999905097963632,0.945632338523865,0.99800796812749
"435","chrIX:100355_A/G","YIL131C","YOL136C",0.156327589334801,0.0478746841615419,6.83177912454547e-05,0.992512702941895,0.0099601593625498
"436","chrIX:100355_A/G","YIL131C","YMR175W",0.0288754952810656,0.0285913141927299,0.880946731047148,0.592408835887909,0.735059760956175
"437","chrIX:100355_A/G","YIL131C","YDL238C",0.00256668470507834,0.0352836021853131,0.994177175885565,0.831061959266663,0.940239043824701
"438","chrIX:100355_A/G","YIL131C","YIL168W",-0.0511068081721959,0.0404413156881561,0.658066398014777,0.499816089868546,0.324701195219123
"439","chrIX:100355_A/G","YIL131C","YDR309C",0.173614500220003,0.0499969833265624,1,0.9995396733284,0.99800796812749
"440","chrIX:100355_A/G","YIL131C","YLR359W",-0.0635782400369538,0.0492491459466115,0.834553457226161,0.529621124267578,0.189243027888446
"441","chrIX:100355_A/G","YIL131C","YJL100W",0.187637013959332,0.0249980759107641,0.000399924412629383,0.998300433158875,0.00199203187250996
"442","chrIX:100355_A/G","YIL131C","YDL079C",-0.0376027188242483,0.0378919251634922,0.0194125460845674,0.781167924404144,0.0557768924302789
"443","chrIX:100355_A/G","YIL131C","YPR156C",0.0348781078037679,0.0267509136240766,0.761468061982542,0.714218199253082,0.938247011952191
"444","chrIX:100355_A/G","YIL131C","YBR299W",-0.0309849115183662,0.0329927089412186,0.014361859984337,0.804110169410706,0.0458167330677291
"445","chrIX:100355_A/G","YIL131C","YPR145W",0.161921272272922,0.0467872603949089,1,0.946885824203491,0.99800796812749
"446","chrIX:100355_A/G","YIL131C","YNL239W",0.0373165873702505,0.0318917014008965,0.396696153535742,0.504117488861084,0.468127490039841
"447","chrIX:100355_A/G","YIL131C","YDR148C",0.0896672621052229,0.0325587491806365,0.105298466770885,0.814861655235291,0.119521912350598
"448","chrIX:100355_A/G","YIL131C","YDL170W",0.202637953007265,0.0447430182415986,0.999999999999993,0.873284101486206,0.99800796812749
"449","chrIX:100355_A/G","YIL131C","YJL042W",0.223800739227147,0.0488889982752787,0.000919104537291366,0.979380249977112,0.00796812749003984
"450","chrIX:100355_A/G","YIL131C","YNL141W",0.0453573871938639,0.0503781548018976,0.999999875053181,0.890712141990662,0.99800796812749
"451","chrIX:100355_A/G","YIL131C","YOL014W",-0.0788161264488683,0.0219007498977059,0.278622340761707,0.661197364330292,0.201195219123506
"452","chrIX:100355_A/G","YIL131C","YDR530C",-0.00226455221237922,0.0281586349808013,0.995995556948652,0.900467991828918,0.98605577689243
"453","chrIX:100355_A/G","YIL131C","YMR298W",0.0705742600275076,0.0300095859325274,0.675583068984135,0.499778568744659,0.286852589641434
"454","chrIX:100355_A/G","YIL131C","YKR066C",0.0147791243594823,0.0159105849786111,0.886020861842399,0.7245973944664,0.788844621513944
"455","chrIX:100355_A/G","YIL131C","YOR129C",0.41538591107153,0.124190912014348,0.00574048610600051,0.948341131210327,0.049800796812749
"456","chrIX:100355_A/G","YIL131C","YBR068C",0.00891055237588621,0.00991161639581862,0.681230823707812,0.539761126041412,0.798804780876494
"457","chrIX:100355_A/G","YIL131C","YKL128C",-0.0316604517528565,0.0453724698304498,0.635872314104925,0.447279900312424,0.416334661354582
"458","chrIX:100355_A/G","YIL131C","YHR071W",0.0741824016292438,0.0268792432385191,0.980895876269283,0.983752489089966,0.99800796812749
"459","chrIX:100355_A/G","YIL131C","YJR119C",0.215437197758238,0.0602095749829207,0.00279320913749715,0.967205226421356,0.00597609561752988
"460","chrIX:100355_A/G","YIL131C","YGR126W",0.0283546857855074,0.0348663561713765,0.181102555660127,0.53883695602417,0.633466135458167
"461","chrIX:100355_A/G","YIL131C","YJL052W",-0.0260352414425328,0.0289930642758131,0.999999429506139,0.98296046257019,0.99800796812749
"462","chrIX:100355_A/G","YIL131C","YHR096C",0.0529624307999942,0.0292862144189971,0.948360128117972,0.430441200733185,0.334661354581673
"463","chrIX:100355_A/G","YIL131C","YDR420W",0.24467143123259,0.0607109615958776,0.0896653484466469,0.837744116783142,0.272908366533865
"464","chrIX:100355_A/G","YIL131C","YGR052W",0.078980362869981,0.0347100672794475,0.509572753013647,0.684255480766296,0.171314741035857
"465","chrIX:100355_A/G","YIL131C","YML004C",-0.0764471275142573,0.0409018182374996,0.999963130287734,0.887626051902771,0.99800796812749
"466","chrIX:100355_A/G","YIL131C","YPL266W",0.0653319168284533,0.0256407476644719,0.999993749742446,0.890897989273071,0.99800796812749
"467","chrIX:100355_A/G","YIL131C","YOL081W",0.107505514135083,0.0301045951848877,0.133087465155907,0.893513679504395,0.0338645418326693
"468","chrIX:100355_A/G","YIL131C","YDR043C",0.0517413616650056,0.0394646088951745,0.81806962711378,0.498056054115295,0.352589641434263
"469","chrIX:100355_A/G","YIL131C","YDR375C",-0.0301944578908873,0.0130044879465557,0.98534253012768,0.848158121109009,0.948207171314741
"470","chrIX:100355_A/G","YIL131C","YIL132C",0.223499081439648,0.0630761209495712,1,0.988145351409912,0.99800796812749
"471","chrIX:100355_A/G","YIL131C","YPR020W",-0.123577550209251,0.0155377190385095,0.999999999816469,0.938649237155914,0.99800796812749
"472","chrIX:100355_A/G","YIL131C","YER065C",0.114746817776061,0.0477126126991694,0.771863022188947,0.668089032173157,0.942231075697211
"473","chrIX:100355_A/G","YIL131C","YOR074C",0.451125041483156,0.177168472178418,0.999999989964731,0.874688744544983,0.98406374501992
"474","chrIX:100355_A/G","YIL131C","YMR301C",0.328857550266678,0.0799282011513472,0.00143524208651352,0.979387760162354,0.0119521912350598
"475","chrIX:100355_A/G","YIL131C","YLL016W",0.0601890648924672,0.0333676473910813,0.387183063868986,0.636400461196899,0.0557768924302789
"476","chrIX:100355_A/G","YIL131C","YHR193C",-0.145987329099326,0.0864002857831752,0.192064475101705,0.790886878967285,0.312749003984064
"477","chrIX:100355_A/G","YIL131C","YPR182W",0.191908330304,0.0565585593979841,0.999999999257792,0.943272650241852,0.99800796812749
"478","chrIX:100355_A/G","YIL131C","YOR290C",0.330862473469045,0.0909581425332961,0.0512288404158212,0.874423861503601,0.191235059760956
"479","chrIX:100355_A/G","YIL131C","YFR031C-A",-0.102192289344907,0.0936549006824984,0.931659172313714,0.64897483587265,0.302788844621514
"480","chrIX:100355_A/G","YIL131C","YPL032C",0.415402514175363,0.137978723189694,2.06694474320384e-05,0.997204661369324,0.00199203187250996
"481","chrIX:100355_A/G","YIL131C","YGL038C",0.232720855176092,0.0491951031295266,0.00462659113899458,0.951355397701263,0.00199203187250996
"482","chrIX:100355_A/G","YIL131C","YLR285W",0.0456194013080536,0.0297173286741452,0.999976865291883,0.993253469467163,0.99601593625498
"483","chrIX:100355_A/G","YIL131C","YOR355W",0.0898958384482336,0.0276709854976532,0.999999995044999,0.9096440076828,0.99800796812749
"484","chrIX:100355_A/G","YIL131C","YJR148W",0.113694245830812,0.025934823232078,0.0523732043339717,0.908693075180054,0.0458167330677291
"485","chrIX:100355_A/G","YIL131C","YHR117W",0.335402762411448,0.0926913944047739,1,0.955610454082489,0.99800796812749
"486","chrIX:100355_A/G","YIL131C","YPL048W",0.158368092270835,0.0530606868024695,0.0104225461365815,0.927916169166565,0.0438247011952191
"487","chrIX:100355_A/G","YIL131C","YOR363C",0.148395288594885,0.0411432147331313,0.0135248264338785,0.920860648155212,0.0557768924302789
"488","chrIX:100355_A/G","YIL131C","YBR183W",-0.0182589450408665,0.0350719140795441,0.999917082009866,0.992214977741241,0.99601593625498
"489","chrIX:100355_A/G","YIL131C","YLR454W",0.129581031095124,0.032217208633518,0.0421356791333266,0.871607065200806,0.111553784860558
"490","chrIX:100355_A/G","YIL131C","YDR408C",-0.0140817013730778,0.0232051678696646,0.783916283844889,0.414276927709579,0.647410358565737
"491","chrIX:100355_A/G","YIL131C","YIL014C-A",0.0306001770117945,0.0313997170068009,0.20594814101594,0.504000306129456,0.0617529880478088
"492","chrIX:100355_A/G","YIL131C","YLL038C",0.176371310146871,0.0765889235334248,1,0.899426460266113,0.99800796812749
"493","chrIX:100355_A/G","YIL131C","YKL052C",0.351041473685012,0.0973000303732043,2.7868923528006e-05,0.998059034347534,0.00398406374501992
"494","chrIX:100355_A/G","YIL131C","YJR059W",0.0806356946377984,0.0581329696791565,0.900983364049216,0.56768387556076,0.300796812749004
"495","chrIX:100355_A/G","YIL131C","YJL092W",0.5084735630827,0.198049333157024,0.918265501103479,0.92141717672348,0.324701195219123
"496","chrIX:100355_A/G","YIL131C","YNR050C",0.287139380497904,0.0652727452379065,0.0384913241872084,0.881773233413696,0.0876494023904383
"497","chrIX:100355_A/G","YIL131C","YML129C",-0.102185041406972,0.0154079461204442,0.999999983747168,0.904677927494049,0.99800796812749
"498","chrIX:100355_A/G","YIL131C","YDL059C",0.127744489300741,0.0220661344761964,0.0303006725900638,0.887699604034424,0.0557768924302789
"499","chrIX:100355_A/G","YIL131C","YER150W",-0.0117820788667578,0.0318511913375837,0.986944644601728,0.755278766155243,0.896414342629482
"500","chrIX:100355_A/G","YIL131C","YPL057C",0.0914881154716463,0.0316979966117252,0.999291408960115,0.865956544876099,0.9800796812749
"501","chrIX:100355_A/G","YIL131C","YOR054C",0.081439000040211,0.067069463658407,0.229054690011078,0.718236207962036,0.235059760956175
"502","chrIX:100355_A/G","YIL131C","YDR487C",0.0821025105502362,0.0317994916862797,0.999674114413595,0.929237306118011,0.99800796812749
"503","chrIX:100355_A/G","YIL131C","YDR036C",0.177233687401276,0.0477972317152095,0.000156360046951595,0.998258113861084,0.00398406374501992
"504","chrIX:100355_A/G","YIL131C","YPL052W",-0.224219591308231,0.050004864611963,0.0272010256444803,0.90271532535553,0.181274900398406
"505","chrIX:100355_A/G","YIL131C","YMR262W",0.0416854730008349,0.0490769594954472,0.957539602814019,0.71871018409729,0.966135458167331
"506","chrIX:100355_A/G","YIL131C","YHR140W",0.057259578054462,0.0288530808933646,0.944402457662508,0.509999394416809,0.167330677290837
"507","chrIX:100355_A/G","YIL131C","YOR226C",0.0776607403041492,0.0244184890551109,0.999956332985487,0.944186449050903,0.99800796812749
"508","chrIX:100355_A/G","YIL131C","YLR356W",0.105375639261468,0.050649402955501,0.104632805349139,0.856823801994324,0.0557768924302789
"509","chrIX:100355_A/G","YIL131C","YOR152C",0.0539959219118282,0.0414446144866986,0.719232019465079,0.421959072351456,0.667330677290837
"510","chrIX:100355_A/G","YIL131C","YFR055W",-0.0714148124208769,0.0289540449415868,0.97222206446146,0.794804871082306,0.99601593625498
"511","chrIX:100355_A/G","YIL131C","YIL152W",0.182283138194569,0.0531776160497298,0.000561493178399137,0.998078644275665,0.00199203187250996
"512","chrIX:100355_A/G","YIL131C","YDL078C",0.0372744775455351,0.0400372218487736,0.984261293128842,0.699710071086884,0.97808764940239
"513","chrIX:100355_A/G","YIL131C","YJL112W",0.258985992873656,0.0580626148386575,0.00804952512019676,0.935306549072266,0.0438247011952191
"514","chrIX:100355_A/G","YIL131C","YPL268W",0.151934019033803,0.0505405090017922,0.00272778103111072,0.996968746185303,0.00199203187250996
"515","chrIX:100355_A/G","YIL131C","YNL264C",0.0345616762641831,0.0216039201231296,0.21490558549717,0.535642147064209,0.48804780876494
"516","chrIX:100355_A/G","YIL131C","YLR348C",0.188333591738916,0.0553113920803841,1,0.869694948196411,0.99800796812749
"517","chrIX:100355_A/G","YIL131C","YLR050C",-0.010766580239831,0.0218178781287154,0.277279666019396,0.531119346618652,0.189243027888446
"518","chrIX:100355_A/G","YIL131C","YLR094C",-0.0123432383043377,0.0461478972794041,0.99504447924039,0.859205543994904,0.99402390438247
"519","chrIX:100355_A/G","YIL131C","YMR182C",0.0771062846302509,0.0423193169706935,0.999994037528374,0.952730357646942,0.99800796812749
"520","chrIX:100355_A/G","YIL131C","YPR169W",0.0768636755383936,0.0333438028252826,0.999999973547027,0.925175309181213,0.99800796812749
"521","chrIX:100355_A/G","YIL131C","YER033C",0.126044604713153,0.0576083260158619,0.011755550449468,0.924451112747192,0.0776892430278884
"522","chrIX:100355_A/G","YIL131C","YLR390W-A",0.333593591424221,0.106059757383845,3.7355840256048e-11,0.99966424703598,0.00199203187250996
"523","chrIX:100355_A/G","YIL131C","YBR222C",0.064329790994363,0.0644000355269592,0.98328217274083,0.71487832069397,0.934262948207171
"524","chrIX:100355_A/G","YIL131C","YBR236C",-0.0865972509497664,0.0224332312493883,0.363882333403096,0.805607914924622,0.0318725099601594
"525","chrIX:100355_A/G","YIL131C","YNL080C",0.13962724040448,0.0466540055458623,1,0.934938907623291,0.99800796812749
"526","chrIX:100355_A/G","YIL131C","YGL207W",0.363709051422881,0.106271519644808,0.0165533581988337,0.917012095451355,0.0737051792828685
"527","chrIX:178160_C/T","YIL101C","YIL094C",-0.172187293246347,0.0478693821117722,1,0.999483346939087,0.99800796812749
"528","chrIX:178160_C/T","YIL101C","YGR144W",0.401593397790812,0.100685155388324,3.18005547465099e-07,0.998853921890259,0.00199203187250996
"529","chrIX:178160_C/T","YIL101C","YIL106W",0.215536770068536,0.0374883284104632,1,0.999460458755493,0.99800796812749
"530","chrIX:178160_C/T","YIL101C","YDR342C",0.533902988064302,0.187206074315376,1,0.884571433067322,0.99800796812749
"531","chrIX:178160_C/T","YIL101C","YAL015C",0.372077640976358,0.103166997988044,1,0.887657046318054,0.99800796812749
"532","chrIX:178160_C/T","YIL101C","YHR080C",0.650940872074903,0.292617218583714,1,0.863195538520813,0.99800796812749
"533","chrIX:178160_C/T","YIL101C","YIL048W",0.306886178996302,0.0583351828641575,1,0.998893201351166,0.99800796812749
"534","chrIX:178160_C/T","YIL101C","YIL114C",-0.239975520031732,0.0328511734201407,1,0.73274439573288,0.99800796812749
"535","chrIX:178160_C/T","YIL101C","YMR301C",-0.00624121556579655,0.00726394736070144,0.999874266040241,0.978485584259033,0.99601593625498
"536","chrIX:178160_C/T","YIL101C","YFL001W",-0.157614410929112,0.0211831483322014,0.0341363648568898,0.733786940574646,0.109561752988048
"537","chrIX:178160_C/T","YIL101C","YEL058W",0.159674318887479,0.0186015762784592,0.00160835013760919,0.953764200210571,0.0358565737051793
"538","chrIX:178160_C/T","YIL101C","YLR108C",0.372888738490961,0.112070970199998,0.998142082643195,0.882627606391907,0.99003984063745
"539","chrIX:178160_C/T","YIL101C","YKL072W",-0.111484469967272,0.00934475222430925,0.999999999960283,0.90823882818222,0.99800796812749
"540","chrIX:178160_C/T","YIL101C","YIL061C",0.0276709018899785,0.00372221785628326,0.999999997651505,0.999161064624786,0.99800796812749
"541","chrIX:178160_C/T","YIL101C","YFR030W",0.116317432032896,0.0069610494922269,0.371134650756319,0.66315746307373,0.049800796812749
"542","chrIX:178160_C/T","YIL101C","YIL165C",-0.20005639034652,0.0362636382897858,1,0.951642870903015,0.99800796812749
"543","chrIX:178160_C/T","YIL101C","YPR157W",-0.103988434884566,0.0173404482766821,0.0414612431753018,0.894468784332275,0.0577689243027888
"544","chrIX:178160_C/T","YIL101C","YIL069C",-0.539986833067126,0.197319647520231,1,0.867921113967896,0.99800796812749
"545","chrIX:178160_C/T","YIL101C","YIL088C",0.426507478175747,0.107756009930231,1.20383155863568e-16,0.999709248542786,0.00199203187250996
"546","chrIX:178160_C/T","YIL101C","YMR281W",0.275266297170804,0.0645622331876946,0.555417138044605,0.810573101043701,0.555776892430279
"547","chrIX:178160_C/T","YIL101C","YDL149W",0.657999981544388,0.308755090804011,1,0.859186291694641,0.99800796812749
"548","chrIX:178160_C/T","YIL101C","YBR078W",0.25094327107289,0.0461265272203316,0.000131195968681363,0.982081115245819,0.223107569721116
"549","chrIX:178160_C/T","YIL101C","YDL059C",0.143146114272217,0.0293350671128601,0.00396289964975269,0.97928261756897,0.099601593625498
"550","chrIX:384189_T/C","YIR017C","YIR030C",-0.0256363038235084,0.00927591267896035,0.999625950654698,0.996466994285583,0.99800796812749
"551","chrIX:384189_T/C","YIR017C","YNR063W",-0.108791849446018,0.0213522656377374,0.999998773283169,0.89206337928772,0.99800796812749
"552","chrIX:415204_A/G","YIR033W","YIR026C",0.0643705114380044,0.012907213884362,0.884535716972763,0.500008642673492,0.768924302788845
"553","chrX:548667_A/T","YJR060W","YAL026C",0.0362874728087993,0.0262676964559211,0.975128282827211,0.611838579177856,0.547808764940239
"554","chrX:548667_A/T","YJR060W","YNL040W",-0.0257792942923658,0.00827931814370984,0.987121466742953,0.889184594154358,0.910358565737052
"555","chrX:548667_A/T","YJR060W","YNL289W",0.280048176325611,0.0923388547350343,0.995137219757798,0.999386131763458,0.98207171314741
"556","chrX:548667_A/T","YJR060W","YJL183W",-0.0421931065325421,0.0283519374353889,0.876748548384969,0.599131345748901,0.914342629482072
"557","chrX:548667_A/T","YJR060W","YJL023C",0.148906499782857,0.0287650852767947,0.492797122333919,0.963942050933838,0.766932270916335
"558","chrX:548667_A/T","YJR060W","YBR220C",0.176431771379938,0.0652689740003138,0.999999999999998,0.855430960655212,0.99601593625498
"559","chrX:548667_A/T","YJR060W","YJR007W",0.0921900307901898,0.0517978836073292,0.0466779994483747,0.788569152355194,0.356573705179283
"560","chrX:548667_A/T","YJR060W","YBR166C",0.111579596258133,0.0259706903169373,0.195264499481362,0.872000098228455,0.402390438247012
"561","chrX:548667_A/T","YJR060W","YGL259W",0.136405692640629,0.0271145704946148,0.95697687264122,0.936799645423889,0.709163346613546
"562","chrX:548667_A/T","YJR060W","YBR202W",-0.0413909589476911,0.0295027747136288,0.99837771771446,0.892759203910828,0.47808764940239
"563","chrX:548667_A/T","YJR060W","YDR322C-A",0.0688322540370291,0.0221107968977804,0.738002020261241,0.415818601846695,0.470119521912351
"564","chrX:548667_A/T","YJR060W","YEL070W",0.102045959163138,0.0548049315964603,0.753405985783424,0.486723363399506,0.844621513944223
"565","chrX:548667_A/T","YJR060W","YJL035C",-0.0464532036250388,0.0229227310496731,0.931284087948691,0.882606863975525,0.964143426294821
"566","chrX:548667_A/T","YJR060W","YGL219C",0.162635923584643,0.0667330079325696,0.999946603743598,0.8620765209198,0.97808764940239
"567","chrX:548667_A/T","YJR060W","YER101C",0.128386881218443,0.0408670817504623,0.878236387933812,0.887866497039795,0.844621513944223
"568","chrX:548667_A/T","YJR060W","YJR078W",0.0288026569782654,0.0456354913406358,0.999993095705754,0.873351693153381,0.99800796812749
"569","chrX:548667_A/T","YJR060W","YOR385W",0.160489584545303,0.0338713451817826,0.934227898386289,0.968524634838104,0.920318725099602
"570","chrX:548667_A/T","YJR060W","YJR025C",0.367035959138905,0.0894358413519058,5.61536322459894e-05,0.999794125556946,0.00199203187250996
"571","chrX:548667_A/T","YJR060W","YER146W",0.0338766071911609,0.0564934315617176,0.999998640740727,0.928150415420532,0.99800796812749
"572","chrX:548667_A/T","YJR060W","YLR348C",0.0139773704326022,0.0476477566977195,0.999999948792966,0.955534994602203,0.99800796812749
"573","chrX:548667_A/T","YJR060W","YJR035W",-0.385476832053225,0.215944255060994,0.992368143762743,0.998708367347717,0.842629482071713
"574","chrX:548667_A/T","YJR060W","YBR005W",0.122480437022407,0.0263879384228363,0.395286240116234,0.758405327796936,0.129482071713147
"575","chrX:548667_A/T","YJR060W","YGR013W",0.212980042594487,0.0913082011776501,0.999999997829119,0.974581241607666,0.99402390438247
"576","chrX:548667_A/T","YJR060W","YMR258C",0.20793332425064,0.0512151341857757,0.998969165653753,0.956053018569946,0.99003984063745
"577","chrX:548667_A/T","YJR060W","YLR151C",0.207475662124892,0.0628636630684014,0.999999925914889,0.965686976909637,0.99800796812749
"578","chrX:548667_A/T","YJR060W","YDR391C",0.0848064197927152,0.0297596818443671,0.481676506103773,0.680726110935211,0.193227091633466
"579","chrX:548667_A/T","YJR060W","YBR236C",0.167946983255978,0.0379674292897458,0.995855445940122,0.969733476638794,0.731075697211155
"580","chrX:548667_A/T","YJR060W","YCR094W",0.193096089027742,0.0841630641228775,0.999997240996787,0.978126108646393,0.98406374501992
"581","chrX:548667_A/T","YJR060W","YJL044C",0.120962132963005,0.0441669364523813,0.587416492291021,0.953740119934082,0.48207171314741
"582","chrX:548667_A/T","YJR060W","YER045C",0.0872219514151269,0.0259524184650341,0.38594864720568,0.810655236244202,0.328685258964143
"583","chrX:548667_A/T","YJR060W","YNL327W",0.0170137006751917,0.0488408791231397,0.999999928326703,0.908164799213409,0.99800796812749
"584","chrX:548667_A/T","YJR060W","YGL122C",-0.0180398628018608,0.0517806020611458,0.999999958373368,0.844197273254395,0.99402390438247
"585","chrX:548667_A/T","YJR060W","YGL047W",0.170648241096241,0.0495369722487427,0.777545179633966,0.942209005355835,0.958167330677291
"586","chrX:548667_A/T","YJR060W","YHR174W",-0.120512969218158,0.0841370093572657,0.751122334416487,0.931213140487671,0.50996015936255
"587","chrX:548667_A/T","YJR060W","YJR051W",0.214119948718408,0.0350220469470741,0.782219218371107,0.998517334461212,0.49003984063745
"588","chrX:548667_A/T","YJR060W","YJL171C",0.0543053486551654,0.0196009198528785,0.788877053127832,0.893372297286987,0.0179282868525896
"589","chrX:548667_A/T","YJR060W","YOL092W",-0.125589096128069,0.0252783246061211,0.725192016082898,0.917982578277588,0.756972111553785
"590","chrX:548667_A/T","YJR060W","YOR127W",0.113715653877526,0.0402151149122495,0.948030449698493,0.888485431671143,0.460159362549801
"591","chrX:548667_A/T","YJR060W","YNL031C",0.0335610555929228,0.0482981707211561,0.999998952555307,0.845844924449921,0.99800796812749
"592","chrX:548667_A/T","YJR060W","YJR131W",-0.0935001708301921,0.0499703931566469,0.999641225221709,0.99898236989975,0.99601593625498
"593","chrX:548667_A/T","YJR060W","YKL095W",0.215749507467304,0.111530641374643,0.99999999999904,0.906445801258087,0.99800796812749
"594","chrX:548667_A/T","YJR060W","YER144C",0.258022422364367,0.0769391144946125,0.995779488908683,0.999261140823364,0.956175298804781
"595","chrX:548667_A/T","YJR060W","YNL129W",0.0427308780553778,0.0248089144510717,0.99999999941914,0.882647395133972,0.99800796812749
"596","chrX:548667_A/T","YJR060W","YCR005C",0.0389269726603266,0.0613463149747702,0.999999999910208,0.941846251487732,0.99800796812749
"597","chrX:548667_A/T","YJR060W","YDR224C",-0.069303323690141,0.0427000832769663,0.704454915340972,0.854172885417938,0.902390438247012
"598","chrX:548667_A/T","YJR060W","YPL057C",0.147136370403807,0.0438871628529183,0.999257574505689,0.861964523792267,0.99601593625498
"599","chrX:548667_A/T","YJR060W","YLR199C",0.150222521536072,0.0374034099641054,0.983624452708145,0.903353333473206,0.886454183266932
"600","chrX:548667_A/T","YJR060W","YGR170W",0.17174911719016,0.0594994705351441,0.999999838140313,0.871704339981079,0.99800796812749
"601","chrX:548667_A/T","YJR060W","YDL022W",0.13182842445124,0.0381808513467831,0.893590142506768,0.89383465051651,0.902390438247012
"602","chrX:548667_A/T","YJR060W","YJR070C",-0.189712100905931,0.0595597302920194,0.828910495253849,0.969788193702698,0.908366533864542
"603","chrX:548667_A/T","YJR060W","YJR074W",0.423778872684679,0.119501231233049,1.85017010120531e-06,0.999658465385437,0.00199203187250996
"604","chrX:548667_A/T","YJR060W","YER026C",0.116274905393859,0.0484338940509202,0.265393333945874,0.830171048641205,0.745019920318725
"605","chrX:548667_A/T","YJR060W","YLL052C",-0.0908308340201025,0.0284101240398234,0.216307806297268,0.840908825397491,0.270916334661355
"606","chrX:548667_A/T","YJR060W","YHR030C",0.288742124192073,0.0600881522925834,0.000575381679565791,0.997995734214783,0.00398406374501992
"607","chrX:548667_A/T","YJR060W","YOR262W",0.139484828844403,0.0379775516664104,0.96739808390737,0.932376623153687,0.454183266932271
"608","chrX:548667_A/T","YJR060W","YEL051W",-0.062289913279812,0.0209685453256353,0.998682077349742,0.993102312088013,0.99402390438247
"609","chrX:548667_A/T","YJR060W","YLR113W",0.154094645541853,0.0269954333197646,0.866150484034875,0.959017693996429,0.758964143426295
"610","chrX:548667_A/T","YJR060W","YPL163C",0.307961490478461,0.103863211549753,0.999023734236739,0.999723553657532,0.902390438247012
"611","chrX:548667_A/T","YJR060W","YOR313C",0.0729396813058533,0.040634880557368,0.999999999083679,0.91169935464859,0.99800796812749
"612","chrX:548667_A/T","YJR060W","YNL290W",0.229997297769593,0.0708644723209204,0.999999999918955,0.890788733959198,0.99800796812749
"613","chrX:548667_A/T","YJR060W","YLR414C",0.138481267316537,0.049299227964818,0.775706066598807,0.499502390623093,0.390438247011952
"614","chrX:548667_A/T","YJR060W","YNL250W",0.0866328075270831,0.023080147582931,0.205985192336382,0.898027658462524,0.394422310756972
"615","chrX:548667_A/T","YJR060W","YIL076W",0.195917725159884,0.0660179768951614,0.999162523483255,0.918940186500549,0.99800796812749
"616","chrX:548667_A/T","YJR060W","YDR034W-B",0.0462321183616516,0.00798038954472147,0.677814519400281,0.402871072292328,0.569721115537849
"617","chrX:548667_A/T","YJR060W","YMR305C",0.0977856241272878,0.0274195773182166,0.150287476497483,0.889989912509918,0.0358565737051793
"618","chrX:548667_A/T","YJR060W","YJR047C",-0.305650586809442,0.0658799967688641,0.00598430020313117,0.991542816162109,0.0318725099601594
"619","chrX:548667_A/T","YJR060W","YKL007W",0.574760945697511,0.215882269096788,6.83408910646631e-05,0.99997866153717,0.0099601593625498
"620","chrX:548667_A/T","YJR060W","YLR332W",0.15978354739624,0.0480275211030681,0.876164380306867,0.987153768539429,0.739043824701195
"621","chrX:548667_A/T","YJR060W","YGR235C",0.235960382400742,0.0886689435135409,0.999999999900298,0.924476861953735,0.99800796812749
"622","chrX:548667_A/T","YJR060W","YJR079W",-0.137036227336604,0.0404595276237662,0.150162703591555,0.562981963157654,0.225099601593625
"623","chrX:548667_A/T","YJR060W","YOR285W",0.110178880150287,0.0527872600417665,0.589071170266007,0.813712239265442,0.860557768924303
"624","chrX:548667_A/T","YJR060W","YJR091C",0.0496536545069849,0.0596350458032535,0.999999999998729,0.863106608390808,0.99800796812749
"625","chrX:548667_A/T","YJR060W","YER039C",0.142150703779984,0.0398191210298401,0.785054259957019,0.927627801895142,0.940239043824701
"626","chrX:548667_A/T","YJR060W","YJR093C",0.366181385574864,0.114059489410141,0.462118122192108,0.999841451644897,0.165338645418327
"627","chrX:548667_A/T","YJR060W","YGL033W",0.0868972540642639,0.0212809334583894,0.922930309934781,0.491463243961334,0.49203187250996
"628","chrX:548667_A/T","YJR060W","YJR010C-A",0.0872963643498108,0.0401569575227896,0.999880822095786,0.994442105293274,0.890438247011952
"629","chrX:548667_A/T","YJR060W","YFL041W",0.0915734929386386,0.0233266227428873,0.184045261035758,0.771266937255859,0.129482071713147
"630","chrX:548667_A/T","YJR060W","YER142C",0.17110740838482,0.0607258509723363,0.993757992551115,0.866361379623413,0.99800796812749
"631","chrX:548667_A/T","YJR060W","YJR046W",0.0423110765638934,0.0341382766924307,0.915771767596563,0.82922637462616,0.962151394422311
"632","chrX:548667_A/T","YJR060W","YER143W",0.232251545405674,0.0791258960157634,0.999999930360517,0.919803619384766,0.99800796812749
"633","chrX:548667_A/T","YJR060W","YCL049C",0.200443170881148,0.0324353287831835,0.0136005663665318,0.982869267463684,0.0318725099601594
"634","chrX:548667_A/T","YJR060W","YLL039C",0.088762508728063,0.0339230350919772,0.908853656498958,0.468689501285553,0.139442231075697
"635","chrX:548667_A/T","YJR060W","YML052W",0.0745405261792218,0.0687602521862073,0.999999997083232,0.88975203037262,0.99800796812749
"636","chrX:548667_A/T","YJR060W","YFR010W",0.173552753809443,0.0451664001705419,0.998218683830123,0.905235290527344,0.966135458167331
"637","chrX:548667_A/T","YJR060W","YOR247W",0.21520209132418,0.0887700464655994,0.999999999925937,0.902723550796509,0.99800796812749
"638","chrX:548667_A/T","YJR060W","YKL043W",0.000783668816567925,0.0454807489533756,0.999998846575452,0.944168865680695,0.99800796812749
"639","chrX:548667_A/T","YJR060W","YDR293C",0.128598032407151,0.0218994020112537,0.41267878741818,0.942562103271484,0.137450199203187
"640","chrX:548667_A/T","YJR060W","YJR098C",-0.0905052325654297,0.0664695776136741,0.999999999606436,0.999632358551025,0.99800796812749
"641","chrX:548667_A/T","YJR060W","YER149C",0.188531752214584,0.0570992816512015,0.999616881723041,0.955239355564117,0.99800796812749
"642","chrX:548667_A/T","YJR060W","YOR117W",0.199165461311046,0.0676388524352058,0.999911295289179,0.972527980804443,0.972111553784861
"643","chrX:548667_A/T","YJR060W","YCL057W",0.112360984174104,0.0237887438603319,0.495357955587678,0.930062890052795,0.555776892430279
"644","chrX:548667_A/T","YJR060W","YFL013C",0.204689374162905,0.0984185835888912,0.999999999807773,0.931781947612762,0.99800796812749
"645","chrX:548667_A/T","YJR060W","YMR189W",-0.0687028910808717,0.0246583060523834,0.841082749761519,0.470153331756592,0.806772908366534
"646","chrX:548667_A/T","YJR060W","YJL117W",0.221606952824133,0.0898063333571935,1,0.876849055290222,0.99800796812749
"647","chrX:548667_A/T","YJR060W","YJL159W",0.0655957602943904,0.0399699119399622,0.63352833597041,0.70374870300293,0.115537848605578
"648","chrX:548667_A/T","YJR060W","YPL222W",0.16076433465267,0.0405733770472527,0.179692152366454,0.981733798980713,0.350597609561753
"649","chrX:548667_A/T","YJR060W","YKL094W",0.195380405185897,0.0614870430919211,0.999217958523379,0.932250559329987,0.99402390438247
"650","chrX:548667_A/T","YJR060W","YER060W",-0.0707710658566282,0.0303350537164175,0.363245351012623,0.547865986824036,0.163346613545817
"651","chrX:548667_A/T","YJR060W","YPL229W",0.166204398356719,0.0597006488473738,0.996570468167492,0.927701830863953,0.896414342629482
"652","chrX:548667_A/T","YJR060W","YGR276C",0.125350990946527,0.0225639223943494,0.903861132264172,0.863678455352783,0.938247011952191
"653","chrX:548667_A/T","YJR060W","YJR040W",0.266404535226964,0.0647238527029571,8.59539660200514e-05,0.998311340808868,0.0258964143426295
"654","chrX:548667_A/T","YJR060W","YDR476C",0.121834235884927,0.0286455642010206,0.250818356639922,0.811526298522949,0.0956175298804781
"655","chrX:548667_A/T","YJR060W","YLR237W",-0.171257484697154,0.0260410254206664,0.293135640773544,0.983543276786804,0.50796812749004
"656","chrX:548667_A/T","YJR060W","YLR120C",0.124758142042286,0.0287705071793627,0.487563042119435,0.967268824577332,0.362549800796813
"657","chrX:548667_A/T","YJR060W","YDR500C",-0.16859510637061,0.0685110130552202,0.999854389146627,0.872009098529816,0.98207171314741
"658","chrX:548667_A/T","YJR060W","YHL026C",-0.0946393475290489,0.0159509836503417,0.939545840593137,0.471787393093109,0.0936254980079681
"659","chrX:548667_A/T","YJR060W","YOR264W",0.0566446032566189,0.0627647162063299,0.999999999957313,0.934040904045105,0.99800796812749
"660","chrX:548667_A/T","YJR060W","YPL023C",0.113740106984427,0.0279261276338012,0.738839700771073,0.921501517295837,0.577689243027888
"661","chrX:548667_A/T","YJR060W","YLR004C",-0.074175975741777,0.0261941126488898,0.97559163180274,0.433354496955872,0.780876494023904
"662","chrX:548667_A/T","YJR060W","YML048W",0.117548006850066,0.0474244177348413,0.993464363999216,0.841675519943237,0.850597609561753
"663","chrX:548667_A/T","YJR060W","YKL161C",0.231590327374421,0.0517708302868739,0.412866804627659,0.99940299987793,0.366533864541833
"664","chrX:548667_A/T","YJR060W","YGR161W-C",0.134359344171841,0.0271132109765713,0.826092449583306,0.867339909076691,0.739043824701195
"665","chrX:548667_A/T","YJR060W","YBR009C",0.0152542000613574,0.0530007418243651,0.999996888512196,0.962459325790405,0.99601593625498
"666","chrX:548667_A/T","YJR060W","YNL191W",0.0961475091066114,0.0350380929773173,0.598133667313826,0.843835711479187,0.288844621513944
"667","chrX:548667_A/T","YJR060W","YDR419W",0.191512808246782,0.0770896224772722,0.999999994823712,0.933403551578522,0.99203187250996
"668","chrX:548667_A/T","YJR060W","YMR084W",0.185525062101571,0.0434081838194829,0.999969555108318,0.941863596439362,0.99800796812749
"669","chrX:548667_A/T","YJR060W","YJR094C",0.413128757313369,0.158951157122461,2.32113580173955e-05,0.999645531177521,0.00199203187250996
"670","chrX:548667_A/T","YJR060W","YGR089W",0.0550015675113058,0.0811803341366759,0.999999999961755,0.818169474601746,0.99800796812749
"671","chrX:548667_A/T","YJR060W","YOR353C",0.230099359387648,0.0586994698491045,0.999999684047224,0.986831307411194,0.99800796812749
"672","chrX:548667_A/T","YJR060W","YMR020W",0.143212248811335,0.0294315476779621,0.907247171974947,0.839772701263428,0.98207171314741
"673","chrX:548667_A/T","YJR060W","YLL057C",0.0526934697804348,0.0144931843323337,0.841723805119301,0.40740779042244,0.780876494023904
"674","chrX:548667_A/T","YJR060W","YFL017W-A",0.174085164636968,0.057114699521995,0.366745067691166,0.974733471870422,0.908366533864542
"675","chrX:663083_A/G","YJR127C","YGL054C",-0.146362983007186,0.0236441679238397,1,0.82058584690094,0.99800796812749
"676","chrXI:94000_A/C","YKL185W","YML081C-A",-0.0303142804303372,0.0168942311790537,0.979933184237831,0.850121855735779,0.952191235059761
"677","chrXI:94000_A/C","YKL185W","YKL216W",-0.243000851007486,0.04840470684769,1,0.994701564311981,0.99800796812749
"678","chrXI:94000_A/C","YKL185W","YER002W",-0.153413154125096,0.0544716833695532,0.999057018166296,0.96327269077301,0.99402390438247
"679","chrXI:225819_C/T","YKL112W","YLR446W",0.0995036864505925,0.0122028930521267,0.0487318667172239,0.841583013534546,0.119521912350598
"680","chrXI:225819_C/T","YKL112W","YNL072W",0.347528041559815,0.108013741306493,0.0102449051683965,0.962844371795654,0.0398406374501992
"681","chrXI:225819_C/T","YKL112W","YDL201W",0.111876113335658,0.0266464692354175,0.00366979057508595,0.9680335521698,0.0119521912350598
"682","chrXI:225819_C/T","YKL112W","YDL213C",-0.119141789036308,0.0393133834374937,0.992551426351656,0.932694554328918,0.99601593625498
"683","chrXI:225819_C/T","YKL112W","YER118C",0.360416241434046,0.114182901214696,1.7976548159704e-05,0.999296963214874,0.00199203187250996
"684","chrXI:225819_C/T","YKL112W","YHR146W",0.25166888691692,0.0658693023649302,1.22244800889229e-05,0.9980348944664,0.00199203187250996
"685","chrXI:225819_C/T","YKL112W","YNL009W",-0.0254268893611421,0.00761675626594606,0.511216652685685,0.375561475753784,0.153386454183267
"686","chrXI:225819_C/T","YKL112W","YNL197C",0.577769013613422,0.271320286029863,0.00181525689362588,0.988700151443481,0.0816733067729084
"687","chrXI:225819_C/T","YKL112W","YGR147C",0.056492581810781,0.0233841637262747,0.995720882305625,0.908661842346191,0.852589641434263
"688","chrXI:225819_C/T","YKL112W","YDL073W",0.352521025590628,0.10013125282586,0.0647862537447234,0.896895289421082,0.237051792828685
"689","chrXI:225819_C/T","YKL112W","YIL066C",0.262780392586527,0.0563153400969543,0.0026336499377649,0.968711912631989,0.00597609561752988
"690","chrXI:225819_C/T","YKL112W","YDL058W",0.437656531868876,0.154860973575397,0.0926255315752346,0.857901930809021,0.625498007968127
"691","chrXI:225819_C/T","YKL112W","YJR046W",0.152879562323658,0.0366181041323895,0.999999966886276,0.945695757865906,0.99800796812749
"692","chrXI:225819_C/T","YKL112W","YML099C",0.228847318632887,0.0894655283918879,0.0218385035636736,0.959489345550537,0.131474103585657
"693","chrXI:225819_C/T","YKL112W","YPR052C",0.196741952325635,0.057901454371791,0.0147610630280831,0.932262063026428,0.0737051792828685
"694","chrXI:225819_C/T","YKL112W","YBL018C",-0.186384220623155,0.055806924589272,0.00684430881567648,0.962879657745361,0.047808764940239
"695","chrXI:225819_C/T","YKL112W","YNL055C",-0.0153351893997912,0.0155870291958686,0.84561712863365,0.754303693771362,0.926294820717131
"696","chrXI:225819_C/T","YKL112W","YJL096W",0.0392855834936804,0.0267322661639591,0.698601626748584,0.737170815467834,0.802788844621514
"697","chrXI:225819_C/T","YKL112W","YML129C",-0.0400064754420585,0.0215329562463906,0.297183493316474,0.653676688671112,0.0298804780876494
"698","chrXI:225819_C/T","YKL112W","YJR101W",0.00399186549800113,0.014597620032655,0.666333592600236,0.578157901763916,0.221115537848606
"699","chrXI:225819_C/T","YKL112W","YGR198W",0.311985994853524,0.0698340885164558,7.26960578532735e-05,0.997136950492859,0.00398406374501992
"700","chrXI:225819_C/T","YKL112W","YBR251W",0.149591568855879,0.0266809486548466,0.999999999578662,0.993323802947998,0.99800796812749
"701","chrXI:225819_C/T","YKL112W","YKL195W",0.134287964719169,0.0438749195820977,0.99999999830832,0.999027013778687,0.99800796812749
"702","chrXI:225819_C/T","YKL112W","YER007C-A",-0.233285129142913,0.0574930131976255,0.0258534183010633,0.904269218444824,0.0856573705179283
"703","chrXI:225819_C/T","YKL112W","YOR026W",0.27728680459755,0.0739750440069363,0.0668458519701678,0.880902409553528,0.430278884462151
"704","chrXI:225819_C/T","YKL112W","YPL082C",0.353789901012735,0.114297171589872,2.77277728680485e-05,0.997911691665649,0.00199203187250996
"705","chrXI:225819_C/T","YKL112W","YDR405W",0.141288395994632,0.0492753802694078,1,0.998479843139648,0.99800796812749
"706","chrXI:225819_C/T","YKL112W","YGR283C",-0.031174805176644,0.0111991769467676,0.894302672993628,0.79368257522583,0.814741035856574
"707","chrXI:225819_C/T","YKL112W","YKL219W",-0.134502635673264,0.0284582887459631,0.00493517827065193,0.951743423938751,0.00398406374501992
"708","chrXI:225819_C/T","YKL112W","YLR002C",0.0613655464731586,0.00771630468677801,0.0236833715875757,0.868537425994873,0.0119521912350598
"709","chrXI:225819_C/T","YKL112W","YOL154W",-0.0145405792072662,0.00899823028197384,0.780384572359466,0.45011904835701,0.559760956175299
"710","chrXI:225819_C/T","YKL112W","YKL063C",0.197288256963899,0.0754995570396246,1,0.996346950531006,0.99800796812749
"711","chrXI:225819_C/T","YKL112W","YMR023C",0.0660963079826206,0.0216078393438352,0.97505422969018,0.867624402046204,0.958167330677291
"712","chrXI:225819_C/T","YKL112W","YKL110C",-0.090535104258519,0.0213078141293917,0.468008283378042,0.761730432510376,0.416334661354582
"713","chrXI:225819_C/T","YKL112W","YBR039W",0.0577739616625533,0.0350113346911829,0.999999999419522,0.99955153465271,0.99800796812749
"714","chrXI:225819_C/T","YKL112W","YPL158C",0.408457472892046,0.135659232635611,0.0498629578934999,0.898941874504089,0.894422310756972
"715","chrXI:225819_C/T","YKL112W","YNL064C",0.000325219374877394,0.038417232399308,0.87346901559628,0.551082074642181,0.876494023904382
"716","chrXI:232523_C/T","YKL109W","YPR031W",-0.00226478377589154,0.0147692951288072,0.64779161532201,0.512799501419067,0.926294820717131
"717","chrXI:232523_C/T","YKL109W","YJR095W",0.0875099469553989,0.0138612269380814,0.0372103838481369,0.89423543214798,0.296812749003984
"718","chrXI:232523_C/T","YKL109W","YJR051W",0.0656123286636969,0.0158035688689519,0.151920047992924,0.731203556060791,0.278884462151394
"719","chrXI:232523_C/T","YKL109W","YDR331W",-0.0464713350480534,0.0160834174213189,0.655850775505874,0.532639265060425,0.346613545816733
"720","chrXI:232523_C/T","YKL109W","YPL208W",-0.132231171290043,0.0278678372266177,0.0410575260116064,0.92773026227951,0.219123505976096
"721","chrXI:232523_C/T","YKL109W","YNR017W",0.154688548060075,0.0238930906397039,0.0374642556165146,0.88944411277771,0.149402390438247
"722","chrXI:232523_C/T","YKL109W","YHL013C",-0.306685818667268,0.061625654300751,0.798187846147516,0.889830827713013,0.752988047808765
"723","chrXI:232523_C/T","YKL109W","YOR179C",0.164136026751977,0.019471891465495,0.0194715567018731,0.930929064750671,0.0298804780876494
"724","chrXI:232523_C/T","YKL109W","YPL156C",0.0960512134200133,0.0272200362465941,0.0241059000343323,0.932313680648804,0.241035856573705
"725","chrXI:232523_C/T","YKL109W","YMR076C",0.0666034204964252,0.0263015876099529,0.934959364023914,0.836021542549133,0.98605577689243
"726","chrXI:232523_C/T","YKL109W","YKL008C",-0.405906372411347,0.0925377940043001,0.0532986341968193,0.963176488876343,0.872509960159363
"727","chrXI:232523_C/T","YKL109W","YBL076C",-0.163142978207569,0.0358533997476904,0.103167853118445,0.87644362449646,0.147410358565737
"728","chrXI:232523_C/T","YKL109W","YKL095W",0.326743745900819,0.0824747671935896,0.000610016885613961,0.997325599193573,0.250996015936255
"729","chrXI:232523_C/T","YKL109W","YKL132C",-0.23334794074563,0.0399282403121943,0.662810572274018,0.593895971775055,0.298804780876494
"730","chrXI:232523_C/T","YKL109W","YMR280C",0.572161101097469,0.210596869711248,0.99999999977508,0.974044919013977,0.99800796812749
"731","chrXI:232523_C/T","YKL109W","YHR025W",-0.2018862862681,0.0382655894581746,0.195968268014699,0.841906309127808,0.0737051792828685
"732","chrXI:232523_C/T","YKL109W","YJL185C",0.33863631529748,0.0817875496735818,0.00700721910364565,0.970493495464325,0.0936254980079681
"733","chrXI:232523_C/T","YKL109W","YDR422C",0.189976986407673,0.0360451083134997,0.096008310277228,0.828563928604126,0.314741035856574
"734","chrXI:232523_C/T","YKL109W","YOR002W",-0.0141741646835471,0.0316984759214178,0.746577359655569,0.448499768972397,0.529880478087649
"735","chrXI:232523_C/T","YKL109W","YDL020C",0.379030150182947,0.102949293169629,0.999995844352913,0.892241477966309,0.97410358565737
"736","chrXI:232523_C/T","YKL109W","YNL102W",-0.00143246346538524,0.016664939725698,0.358700688905822,0.399709314107895,0.703187250996016
"737","chrXI:232523_C/T","YKL109W","YGR116W",0.252928221922319,0.0514354499071667,1,0.877809464931488,0.99800796812749
"738","chrXI:232523_C/T","YKL109W","YKL103C",0.124073269798249,0.0230169417750859,1,0.99950110912323,0.99800796812749
"739","chrXI:232523_C/T","YKL109W","YML058W-A",-0.213257698823934,0.0280624257230227,0.126850148009339,0.881710350513458,0.294820717131474
"740","chrXI:232523_C/T","YKL109W","YJL053W",0.32849913626231,0.0790220103097336,0.00093157855956494,0.989578366279602,0.00398406374501992
"741","chrXI:232523_C/T","YKL109W","YHR089C",-0.368533711936588,0.0961878705916375,0.00282309286364024,0.987291693687439,0.121513944223108
"742","chrXI:232523_C/T","YKL109W","YDR397C",0.0920577732901284,0.0308712887071221,0.455064085681282,0.717867612838745,0.286852589641434
"743","chrXI:232523_C/T","YKL109W","YBR218C",0.352506830747323,0.0798538508336879,0.246185933799468,0.943660259246826,0.848605577689243
"744","chrXI:232523_C/T","YKL109W","YER099C",-0.123952903084545,0.0299989516311151,0.0118028645159349,0.964058458805084,0.213147410358566
"745","chrXI:232523_C/T","YKL109W","YHL004W",0.393766585808933,0.110642228206113,0.056382984461282,0.979711174964905,0.131474103585657
"746","chrXI:232523_C/T","YKL109W","YER114C",0.101773807765443,0.0277511712086375,0.999999978674023,0.989103674888611,0.99800796812749
"747","chrXI:232523_C/T","YKL109W","YJL116C",0.260159996724766,0.0454050022042658,1,0.88892138004303,0.99800796812749
"748","chrXI:232523_C/T","YKL109W","YPL203W",0.479776221189837,0.160815371955755,0.999999999999826,0.929051518440247,0.99800796812749
"749","chrXI:232523_C/T","YKL109W","YHL040C",-0.160348689726232,0.031764215365205,1,0.997696399688721,0.99800796812749
"750","chrXI:232523_C/T","YKL109W","YOR078W",-0.448726251902685,0.151591463276595,0.917003439643668,0.966265559196472,0.643426294820717
"751","chrXI:232523_C/T","YKL109W","YGL186C",-0.0772030781784005,0.0208821173928687,0.999999986478218,0.864485740661621,0.99601593625498
"752","chrXI:232523_C/T","YKL109W","YOL155C",0.334151126892833,0.0685286556155222,5.26101114887613e-07,0.999332129955292,0.00199203187250996
"753","chrXI:232523_C/T","YKL109W","YEL032W",0.0426505602511297,0.0159129273289832,0.999484017742907,0.985658407211304,0.99601593625498
"754","chrXI:232523_C/T","YKL109W","YDR496C",-0.29521255290054,0.0559962700791196,0.012646916709183,0.943034291267395,0.0438247011952191
"755","chrXI:232523_C/T","YKL109W","YNL030W",-0.243251599556801,0.0426076195884016,0.997018603031557,0.850691616535187,0.830677290836653
"756","chrXI:357004_A/G","YKL043W","YDR377W",-0.235671564810002,0.0480837543203303,0.00174784926178428,0.867103219032288,0.0099601593625498
"757","chrXI:409377_C/T","YKL015W","YKL022C",0.117757097123515,0.0301193496842647,1,0.999706745147705,0.99800796812749
"758","chrXI:409377_C/T","YKL015W","YKL006W",-0.33783202575014,0.0864720508385662,5.27510255015829e-07,0.999839305877686,0.00199203187250996
"759","chrXI:409377_C/T","YKL015W","YMR083W",0.195524877661234,0.0321750363043385,0.000844633200123961,0.840308547019958,0.0099601593625498
"760","chrXI:500926_G/A","YKR034W","YNL031C",0.313798674027963,0.0740130288453249,1,0.768063724040985,0.99800796812749
"761","chrXI:500926_G/A","YKR034W","YKL029C",-0.140148455136185,0.0173571610952696,0.999999999874507,0.884531915187836,0.99800796812749
"762","chrXI:500926_G/A","YKR034W","YKR075C",0.0129138571113959,0.0123874709273521,0.979740712239884,0.486713469028473,0.237051792828685
"763","chrXI:500926_G/A","YKR034W","YPR152C",0.0321068367355552,0.0232171820083513,0.78412035522462,0.684323787689209,0.187250996015936
"764","chrXII:163451_A/G","YLR014C","YGR132C",-0.220569548288941,0.0507777194167395,0.000594899193013008,0.995609760284424,0.0119521912350598
"765","chrXII:163451_A/G","YLR014C","YNL277W-A",-0.0293933762639168,0.00518835155528435,0.77283794359057,0.544338822364807,0.629482071713147
"766","chrXII:163451_A/G","YLR014C","YIL158W",-0.0607103143586988,0.023226340825348,0.956004244687764,0.943776607513428,0.681274900398406
"767","chrXII:138154_C/T","YLR131C","YJL010C",-0.308392846989211,0.0619614403357394,0.0325909715872886,0.917478799819946,0.0737051792828685
"768","chrXII:138154_C/T","YLR131C","YLR135W",0.218128046818622,0.0632910020647783,0.0347250342532756,0.941308557987213,0.113545816733068
"769","chrXII:138154_C/T","YLR131C","YAR042W",0.391385522415331,0.129168901498857,0.00310955382851436,0.988102316856384,0.00796812749003984
"770","chrXII:138154_C/T","YLR131C","YGL189C",-0.317514145317659,0.0738496953763313,0.00406538075330658,0.988828003406525,0.0338645418326693
"771","chrXII:138154_C/T","YLR131C","YOR348C",0.352636043187197,0.0886425659266919,0.0134039631087323,0.999300718307495,0.0597609561752988
"772","chrXII:138154_C/T","YLR131C","YLL019C",0.510148369341903,0.185077496718929,0.0385933368356225,0.999912261962891,0.0458167330677291
"773","chrXII:138154_C/T","YLR131C","YDR284C",0.255280062000667,0.0464995130446693,0.0164551882433096,0.953196167945862,0.0298804780876494
"774","chrXII:138154_C/T","YLR131C","YGL036W",0.339331827884908,0.0842198304500097,0.00272614503238364,0.995479702949524,0.0199203187250996
"775","chrXII:138154_C/T","YLR131C","YNL160W",0.222727639176531,0.035140878992495,0.00313931957320784,0.999245882034302,0.0219123505976096
"776","chrXII:138154_C/T","YLR131C","YAR007C",0.314136710443247,0.0814458108386598,0.00609766657361988,0.999070167541504,0.0239043824701195
"777","chrXII:138154_C/T","YLR131C","YCL008C",0.471780344687614,0.160264552484267,0.0242267993656709,0.953186631202698,0.0876494023904383
"778","chrXII:138154_C/T","YLR131C","YDR061W",0.379112031040904,0.0836227567504694,0.00665392302607684,0.983607649803162,0.049800796812749
"779","chrXII:138154_C/T","YLR131C","YIL099W",0.293267766742323,0.0500902870994099,0.00884965182445888,0.999417781829834,0.0318725099601594
"780","chrXII:138154_C/T","YLR131C","YKL172W",-0.306143508499591,0.103503057848266,0.00312496607784353,0.990691661834717,0.0239043824701195
"781","chrXII:138154_C/T","YLR131C","YNL038W",-0.153141842735887,0.0230735532264922,0.128895990804764,0.860538899898529,0.450199203187251
"782","chrXII:138154_C/T","YLR131C","YBR112C",0.609731331560939,0.293939029239184,0.00734663815593566,0.986560344696045,0.149402390438247
"783","chrXII:138154_C/T","YLR131C","YLR003C",-0.325897149699778,0.0802346667427624,0.0179394976979613,0.961490273475647,0.165338645418327
"784","chrXII:138154_C/T","YLR131C","YDL178W",0.0369713840642599,0.0140188426420679,0.142944118446437,0.779515743255615,0.260956175298805
"785","chrXII:138154_C/T","YLR131C","YHR087W",0.282455823210428,0.0511623317380161,0.0149668504809318,0.999494314193726,0.0657370517928287
"786","chrXII:138154_C/T","YLR131C","YDR028C",0.558169072694537,0.225302597509128,0.0160416260464767,0.997641444206238,0.0258964143426295
"787","chrXII:933520_G/T","YLR403W","YAL007C",-0.059275002662112,0.0328787534833893,0.98636570308792,0.875047206878662,0.99800796812749
"788","chrXII:933520_G/T","YLR403W","YPL010W",-0.211169875884157,0.0416222361788934,0.999999999999953,0.982990980148315,0.99800796812749
"789","chrXII:933520_G/T","YLR403W","YHR041C",0.139786301381092,0.0480500187826988,0.991373322248403,0.967493534088135,0.9800796812749
"790","chrXII:933520_G/T","YLR403W","YPL058C",0.203961488996455,0.0448806273141384,0.0264412842782181,0.929955363273621,0.0916334661354582
"791","chrXII:933520_G/T","YLR403W","YJL023C",0.0849473261899618,0.0176970667415693,0.0346722039507805,0.91291332244873,0.0657370517928287
"792","chrXII:933520_G/T","YLR403W","YIL051C",0.013997064909325,0.0225285002937828,0.148134590341291,0.729855060577393,0.0876494023904383
"793","chrXII:933520_G/T","YLR403W","YNL202W",0.110917116205737,0.0127953970144493,0.0288648773996036,0.895226240158081,0.0099601593625498
"794","chrXII:933520_G/T","YLR403W","YMR178W",-0.163249300594251,0.0323280787343268,0.999999999757199,0.8997882604599,0.99800796812749
"795","chrXII:933520_G/T","YLR403W","YLR113W",0.442442058149002,0.122123528254053,0.00149579483118235,0.986540198326111,0.00199203187250996
"796","chrXII:933520_G/T","YLR403W","YML028W",-0.0070793712768133,0.0241954043728885,0.935131923247784,0.812516808509827,0.910358565737052
"797","chrXII:933520_G/T","YLR403W","YEL025C",0.502636472158604,0.164058041306383,0.015470456322556,0.939219534397125,0.175298804780877
"798","chrXII:933520_G/T","YLR403W","YOL119C",0.244530825867909,0.0478282087429051,1,0.970229983329773,0.99800796812749
"799","chrXII:933520_G/T","YLR403W","YDR085C",0.362978202243473,0.086306698512777,0.00437171304443075,0.963746309280396,0.00199203187250996
"800","chrXII:933520_G/T","YLR403W","YDL012C",0.0526673378380696,0.0411754200752139,0.111261356218167,0.769678831100464,0.181274900398406
"801","chrXII:933520_G/T","YLR403W","YLR439W",0.541988502802144,0.185021637938677,1,0.918215155601501,0.99800796812749
"802","chrXII:933520_G/T","YLR403W","YBR213W",0.123649844337797,0.0174774634691294,0.99999998467439,0.917878389358521,0.99800796812749
"803","chrXII:933520_G/T","YLR403W","YDR013W",-0.141490145704741,0.0177715859147072,0.99999912056044,0.937554836273193,0.99800796812749
"804","chrXII:933520_G/T","YLR403W","YMR265C",0.369258470995622,0.0888410046624907,0.00219980581871647,0.971921145915985,0.00199203187250996
"805","chrXII:933520_G/T","YLR403W","YGL127C",0.228677212076736,0.0652259397895391,0.0116815197022654,0.942116498947144,0.0298804780876494
"806","chrXII:933520_G/T","YLR403W","YIL011W",0.121647410443188,0.0244027501737774,0.999999933451291,0.960946321487427,0.99800796812749
"807","chrXII:933520_G/T","YLR403W","YLR438C-A",-0.0540513929512044,0.0371102874400254,0.988674669839278,0.69773530960083,0.970119521912351
"808","chrXII:933520_G/T","YLR403W","YCL047C",0.200162909562187,0.0321362344078324,0.000160131696953919,0.996744394302368,0.00398406374501992
"809","chrXII:933520_G/T","YLR403W","YPR049C",0.376088344166087,0.106665615324214,0.020082518586123,0.947904646396637,0.097609561752988
"810","chrXII:933520_G/T","YLR403W","YDR530C",0.131332554345959,0.0182395325995199,0.000408755009697668,0.990648746490479,0.00597609561752988
"811","chrXII:933520_G/T","YLR403W","YJR078W",0.265734992487443,0.0575875254768993,3.19343367935759e-07,0.999259471893311,0.00199203187250996
"812","chrXII:933520_G/T","YLR403W","YEL017W",0.331447715511906,0.0799575452758035,0.000441088486085375,0.991393208503723,0.00199203187250996
"813","chrXII:933520_G/T","YLR403W","YPL014W",0.333420439807884,0.0791639494798791,0.0273409234936717,0.929158687591553,0.137450199203187
"814","chrXII:933520_G/T","YLR403W","YIR033W",0.189724431662962,0.038972956765674,0.0179026994538864,0.953123092651367,0.0338645418326693
"815","chrXII:933520_G/T","YLR403W","YPR135W",0.439785318393982,0.138223026310965,1,0.882942795753479,0.99800796812749
"816","chrXII:933520_G/T","YLR403W","YHL028W",0.24799095207257,0.0515132388464434,0.00240620639432319,0.979620635509491,0.0199203187250996
"817","chrXII:933520_G/T","YLR403W","YDR262W",0.287683381079221,0.0576373330746359,0.0156672186250733,0.944775819778442,0.0597609561752988
"818","chrXII:933520_G/T","YLR403W","YLR027C",0.227809960410397,0.0536926475500311,0.00568753810493001,0.964920520782471,0.0258964143426295
"819","chrXII:933520_G/T","YLR403W","YGR028W",0.262131019028928,0.0501308044229115,0.000268682686401214,0.993942022323608,0.00796812749003984
"820","chrXII:933520_G/T","YLR403W","YIL106W",0.219482589162112,0.0699626212346558,0.0180363807061371,0.93194305896759,0.0796812749003984
"821","chrXII:933520_G/T","YLR403W","YIL107C",0.50408501770992,0.159614455359937,0.00253904276259491,0.974370837211609,0.00199203187250996
"822","chrXII:933520_G/T","YLR403W","YPR018W",0.198178352370729,0.079203877208399,1,0.868604362010956,0.99800796812749
"823","chrXII:933520_G/T","YLR403W","YOR317W",0.28235971277464,0.0499050626914068,0.00107393203566086,0.990322113037109,0.0139442231075697
"824","chrXII:933520_G/T","YLR403W","YLR396C",0.297696453649964,0.0566647929325927,1,0.999813258647919,0.99800796812749
"825","chrXII:933520_G/T","YLR403W","YKL082C",-0.0980613931141093,0.111434295844397,0.998317086201034,0.556912362575531,0.99601593625498
"826","chrXII:933520_G/T","YLR403W","YOR127W",0.602903646665665,0.265537541421861,0.00727991698052974,0.967800617218018,0.0398406374501992
"827","chrXII:933520_G/T","YLR403W","YPL267W",-0.0206452186134966,0.0265159313731598,0.606528960487456,0.449783086776733,0.402390438247012
"828","chrXII:933520_G/T","YLR403W","YMR283C",0.346992284639537,0.0798882176692188,0.00709174797868732,0.953392624855042,0.00199203187250996
"829","chrXII:933520_G/T","YLR403W","YHR195W",0.354128435289571,0.0997477849704502,0.0140038929592397,0.938909530639648,0.0438247011952191
"830","chrXII:933520_G/T","YLR403W","YBR082C",0.259313562618184,0.0838602466716004,0.0622775594314342,0.883522987365723,0.227091633466135
"831","chrXII:933520_G/T","YLR403W","YKL113C",-0.0818109720882257,0.0584352411501548,0.632986090164257,0.691315650939941,0.938247011952191
"832","chrXII:933520_G/T","YLR403W","YHL036W",0.113087294708671,0.0184038503659242,0.999987832707155,0.971424579620361,0.99800796812749
"833","chrXII:933520_G/T","YLR403W","YOR355W",0.47938896595001,0.160889204460013,1,0.97314977645874,0.99800796812749
"834","chrXII:933520_G/T","YLR403W","YGL037C",0.268089414498953,0.0657038789732661,0.0256117339803432,0.926579535007477,0.107569721115538
"835","chrXII:933520_G/T","YLR403W","YLL009C",0.277864613451666,0.0605677472102135,0.00134686755675833,0.984133243560791,0.0119521912350598
"836","chrXII:933520_G/T","YLR403W","YIL076W",-0.164071038452244,0.0494378154556213,0.999999998533977,0.99902218580246,0.99800796812749
"837","chrXII:933520_G/T","YLR403W","YBL029C-A",0.315186654142631,0.061122030885047,0.0024347628791354,0.979006290435791,0.00796812749003984
"838","chrXII:933520_G/T","YLR403W","YLR411W",-0.0436339474394874,0.0222786754597628,0.999728032619349,0.998463153839111,0.99800796812749
"839","chrXII:933520_G/T","YLR403W","YER071C",0.0488258265286176,0.0271159836689212,0.739849392345013,0.57711261510849,0.428286852589641
"840","chrXII:933520_G/T","YLR403W","YOR386W",0.478641814699334,0.138881299338122,0.000691417356638118,0.989215195178986,0.00796812749003984
"841","chrXII:933520_G/T","YLR403W","YMR056C",0.251436258212443,0.0462592148472153,0.999999999999996,0.920451700687408,0.99800796812749
"842","chrXII:933520_G/T","YLR403W","YMR262W",0.28352940954442,0.0589509789569014,0.000797777002120754,0.989623188972473,0.00796812749003984
"843","chrXII:933520_G/T","YLR403W","YNL146W",0.188829924971222,0.0465381397525024,0.0222233741528452,0.935049414634705,0.209163346613546
"844","chrXII:933520_G/T","YLR403W","YBR109C",-0.0486297617027365,0.0476238524161486,0.999970324624497,0.994288921356201,0.99800796812749
"845","chrXII:933520_G/T","YLR403W","YOL075C",0.567464286798913,0.216266931914084,0.00110755264073933,0.990249156951904,0.00597609561752988
"846","chrXII:933520_G/T","YLR403W","YDR120C",-0.104697436046587,0.0362693873801939,0.617529461264563,0.828550934791565,0.424302788844622
"847","chrXII:933520_G/T","YLR403W","YGL101W",0.0120941685904867,0.0259891148439669,0.787294912509626,0.375856697559357,0.934262948207171
"848","chrXII:933520_G/T","YLR403W","YML041C",-0.00171554985919607,0.00966554570341646,0.833482289719143,0.440934032201767,0.48207171314741
"849","chrXII:933520_G/T","YLR403W","YGR249W",0.315804454015325,0.0618846495211975,0.00167328486321929,0.988744258880615,0.0219123505976096
"850","chrXII:933520_G/T","YLR403W","YGR021W",0.404251862693999,0.110557737989748,0.0133920994124933,0.941988170146942,0.0219123505976096
"851","chrXII:933520_G/T","YLR403W","YIL114C",-0.122765526440599,0.0254136540631702,0.00564437017229741,0.963974297046661,0.0179282868525896
"852","chrXII:933520_G/T","YLR403W","YIR034C",0.109636593138961,0.0136424336610403,0.999999999999796,0.988143682479858,0.99800796812749
"853","chrXII:933520_G/T","YLR403W","YHL034C",0.196197569664522,0.0856438360463539,0.0262855071664058,0.914841532707214,0.147410358565737
"854","chrXII:933520_G/T","YLR403W","YGL013C",0.492004036661459,0.175052774265811,1,0.997843265533447,0.99800796812749
"855","chrXII:933520_G/T","YLR403W","YBL095W",0.287641676490652,0.0565917391379107,0.000857789721855418,0.989095330238342,0.00597609561752988
"856","chrXII:933520_G/T","YLR403W","YJR009C",-0.0302199877681206,0.0229518767166898,0.975607873477558,0.913827061653137,0.99800796812749
"857","chrXII:933520_G/T","YLR403W","YDL014W",0.00144053345378958,0.0212405643070749,0.935198184091218,0.545159339904785,0.840637450199203
"858","chrXII:933520_G/T","YLR403W","YLR392C",0.300486469784499,0.0639292894654836,1,0.997483611106873,0.99800796812749
"859","chrXII:933520_G/T","YLR403W","YER152C",0.184371933701097,0.0447256687753001,9.39629756151169e-07,0.999060213565826,0.00199203187250996
"860","chrXII:933520_G/T","YLR403W","YFR051C",0.537899670083359,0.188912428308592,0.00455871685215779,0.965618968009949,0.0219123505976096
"861","chrXII:933520_G/T","YLR403W","YPL203W",0.554890561752587,0.182115039581167,0.000992588012708929,0.989340901374817,0.00796812749003984
"862","chrXII:933520_G/T","YLR403W","YKL163W",0.346557477832454,0.0711233170366894,0.0188898146530911,0.935575127601624,0.0677290836653386
"863","chrXII:933520_G/T","YLR403W","YJR011C",-0.0543843812819201,0.0186371542324903,0.978663057111304,0.84766161441803,0.99402390438247
"864","chrXII:933520_G/T","YLR403W","YNR034W",0.211123296883654,0.0542399842777036,0.0167352252992867,0.939836382865906,0.0896414342629482
"865","chrXII:933520_G/T","YLR403W","YNR060W",0.183482972955477,0.0304837830146786,0.0129179416517661,0.963918805122375,0.0836653386454183
"866","chrXII:933520_G/T","YLR403W","YNL217W",0.0172372520899852,0.0175912837659425,0.713841299833069,0.499753773212433,0.683266932270916
"867","chrXII:933520_G/T","YLR403W","YLR104W",-0.027962440351989,0.0272843177913251,0.997443962596122,0.903534054756165,0.97410358565737
"868","chrXII:933520_G/T","YLR403W","YPR167C",-0.121748487916315,0.0252571307633784,0.0107010036781124,0.979068040847778,0.0099601593625498
"869","chrXII:933520_G/T","YLR403W","YEL062W",0.45207056161666,0.151632501092674,0.0101257238940634,0.955235958099365,0.0418326693227092
"870","chrXII:933520_G/T","YLR403W","YOL031C",0.181667144517271,0.0446540001197348,7.56733105361102e-05,0.997461497783661,0.00199203187250996
"871","chrXII:933520_G/T","YLR403W","YLR281C",0.275779986088359,0.0609438971234465,0.0221384706034803,0.953730762004852,0.306772908366534
"872","chrXII:933520_G/T","YLR403W","YOL055C",0.238493154629441,0.0406610107675005,0.00094198415617107,0.994052767753601,0.0239043824701195
"873","chrXII:933520_G/T","YLR403W","YJL035C",-0.00262031481453158,0.0158163458918156,0.82851537147421,0.670027136802673,0.924302788844622
"874","chrXII:933520_G/T","YLR403W","YLR199C",0.349279946890445,0.0815148779874667,0.000234021770784826,0.993248820304871,0.00398406374501992
"875","chrXII:933520_G/T","YLR403W","YBR239C",0.277102144274651,0.0753610950507641,0.0159239806382725,0.940898716449738,0.0438247011952191
"876","chrXII:933520_G/T","YLR403W","YDL183C",0.264939930746069,0.0704615305809486,1,0.899443328380585,0.99800796812749
"877","chrXII:933520_G/T","YLR403W","YLR173W",0.159331095449519,0.0446836168683919,0.0485403477154026,0.963034987449646,0.047808764940239
"878","chrXII:933520_G/T","YLR403W","YOR310C",0.0554722898191492,0.0323922325624069,0.99935348561474,0.895576179027557,0.970119521912351
"879","chrXII:933520_G/T","YLR403W","YGR284C",0.0267025959068625,0.0209665204147369,0.980372044506093,0.4974644780159,0.593625498007968
"880","chrXII:933520_G/T","YLR403W","YMR015C",0.318677890905173,0.0664450486741155,0.0584645318344616,0.893092691898346,0.111553784860558
"881","chrXII:933520_G/T","YLR403W","YOR356W",0.127431438588436,0.0224855687762316,0.999999970219459,0.946559965610504,0.99800796812749
"882","chrXII:933520_G/T","YLR403W","YDR207C",0.326597559855492,0.109117541720444,1,0.894967913627625,0.99800796812749
"883","chrXII:933520_G/T","YLR403W","YLR205C",0.293544670390355,0.0613230195932302,0.0231265598124096,0.91112357378006,0.00398406374501992
"884","chrXII:933520_G/T","YLR403W","YNL079C",-0.223332807259627,0.0855739292061349,0.999921654410689,0.916181862354279,0.99800796812749
"885","chrXII:933520_G/T","YLR403W","YFR028C",0.23533761549071,0.0857919068618652,1,0.949009418487549,0.99800796812749
"886","chrXII:933520_G/T","YLR403W","YGR037C",0.0100588758334796,0.0606862471043995,0.999902372357541,0.742094218730927,0.97609561752988
"887","chrXII:933520_G/T","YLR403W","YJL053W",0.338264482187573,0.0717874104200745,3.44572055807914e-05,0.997281432151794,0.00199203187250996
"888","chrXII:933520_G/T","YLR403W","YLR231C",0.226442299993934,0.0375781523936445,0.000114231974029684,0.9964799284935,0.00398406374501992
"889","chrXII:933520_G/T","YLR403W","YJL003W",0.235196570155356,0.0350829790712711,0.0375022892944496,0.917678952217102,0.145418326693227
"890","chrXII:933520_G/T","YLR403W","YLR046C",0.27073483079822,0.0813244379002067,0.0650654068398795,0.859918832778931,0.167330677290837
"891","chrXII:933520_G/T","YLR403W","YJR025C",0.111695493796049,0.0219782028238495,0.0211412289854425,0.981287837028503,0.0617529880478088
"892","chrXII:933520_G/T","YLR403W","YNL124W",0.0125378674364424,0.0497889638306465,0.99922260389129,0.851758718490601,0.99601593625498
"893","chrXII:933520_G/T","YLR403W","YGR144W",0.289722448321479,0.0637019906773306,0.00328808234921859,0.990828156471252,0.0418326693227092
"894","chrXII:933520_G/T","YLR403W","YDR031W",0.153704021052921,0.0146253909114653,0.0017527214154683,0.979537606239319,0.0199203187250996
"895","chrXII:933520_G/T","YLR403W","YMR258C",0.314187897557645,0.0602678051486454,3.84790324952201e-05,0.997712731361389,0.00199203187250996
"896","chrXII:933520_G/T","YLR403W","YFL004W",0.176247666809468,0.0478079496533201,0.00802980897687269,0.979418516159058,0.223107569721116
"897","chrXIII:79575_C/T","YML099C","YIL118W",0.271668379098137,0.0735191296938276,0.0134076964656522,0.911076188087463,0.103585657370518
"898","chrXIII:79575_C/T","YML099C","YIL076W",0.0939753391574721,0.0331223379297134,0.999999998422832,0.926922261714935,0.99800796812749
"899","chrXIII:79575_C/T","YML099C","YEL043W",0.164867906389014,0.0494401103589924,0.0203140456781414,0.863752603530884,0.0936254980079681
"900","chrXIII:79575_C/T","YML099C","YDR077W",-0.0564625943359356,0.0432117036192343,0.999018158572509,0.899023830890656,0.97609561752988
"901","chrXIII:79575_C/T","YML099C","YHR177W",0.0739540221152185,0.0130440511244415,0.0278258910358952,0.730763018131256,0.135458167330677
"902","chrXIII:79575_C/T","YML099C","YHL040C",0.0335316701832095,0.0505929960399043,0.999832109393667,0.843751668930054,0.99800796812749
"903","chrXIII:221398_A/C","YML027W","YIL047C",0.169118995660882,0.0424190297061676,0.0073077414139259,0.898654997348785,0.0398406374501992
"904","chrXIII:221398_A/C","YML027W","YDL101C",0.267463810935895,0.0700510204952242,0.00199897539314873,0.941246628761292,0.0199203187250996
"905","chrXIII:221398_A/C","YML027W","YBR103W",0.302939595743136,0.0595493718374633,0.00378286736728585,0.927720427513123,0.00597609561752988
"906","chrXIII:221398_A/C","YML027W","YLR432W",-0.178676339661204,0.0474414419059657,0.000390162439326257,0.978514194488525,0.00199203187250996
"907","chrXIII:221398_A/C","YML027W","YMR056C",0.175368871702039,0.0307137296783343,0.00860773598811902,0.915813565254211,0.155378486055777
"908","chrXIII:221398_A/C","YML027W","YDR174W",0.0180221250368171,0.0214231628871003,0.999858143659715,0.978258967399597,0.98605577689243
"909","chrXIII:221398_A/C","YML027W","YMR002W",0.169047361488346,0.022864356286753,0.0204110758879193,0.956789135932922,0.0677290836653386
"910","chrXIII:221398_A/C","YML027W","YOR023C",0.289319134152072,0.0901824629202315,0.0445748595519674,0.855868101119995,0.0816733067729084
"911","chrXIII:221398_A/C","YML027W","YMR062C",0.0559934350818003,0.0254047076240222,0.564289301014811,0.531763315200806,0.304780876494024
"912","chrXIII:221398_A/C","YML027W","YPR013C",0.0569844690236505,0.0364143006396607,0.999982078710126,0.972702145576477,0.99800796812749
"913","chrXIII:221398_A/C","YML027W","YGR029W",0.0622728817834809,0.0137176625413306,0.141808717758684,0.768711268901825,0.155378486055777
"914","chrXIII:221398_A/C","YML027W","YPR075C",0.390683433424153,0.135904398745225,0.252662728482121,0.82519257068634,0.107569721115538
"915","chrXIII:259259_T/G","YML007W","YPL268W",0.390786791797877,0.110430673491265,0.000120889635308955,0.995104312896729,0.00199203187250996
"916","chrXIII:259259_T/G","YML007W","YAR042W",0.17085667141368,0.053066782835595,1,0.908486664295197,0.99800796812749
"917","chrXIII:259259_T/G","YML007W","YMR011W",0.100169176828648,0.00939134106502537,0.999999998396223,0.99933934211731,0.99800796812749
"918","chrXIII:259259_T/G","YML007W","YDR493W",0.316706857022834,0.0613142951613346,0.159162823055128,0.841773390769958,0.438247011952191
"919","chrXIII:259259_T/G","YML007W","YHR086W",0.423793623280414,0.109200653813502,0.130474281141486,0.951235771179199,0.123505976095618
"920","chrXIII:259259_T/G","YML007W","YBL067C",0.317597218727704,0.0766233024739701,2.27154225827483e-05,0.996658682823181,0.00398406374501992
"921","chrXIII:259259_T/G","YML007W","YGL179C",0.362869494752614,0.0845073864322449,0.000163768946997977,0.993431806564331,0.00597609561752988
"922","chrXIII:259259_T/G","YML007W","YDR249C",-0.0561508403792996,0.0230244507928732,0.598479752883863,0.540958642959595,0.456175298804781
"923","chrXIII:259259_T/G","YML007W","YMR121C",0.126566213102829,0.0172278493414745,0.00166157676152082,0.966092705726624,0.0099601593625498
"924","chrXIII:259259_T/G","YML007W","YGR084C",0.481993534445703,0.143107134805705,0.999999999998165,0.855164885520935,0.99800796812749
"925","chrXIII:259259_T/G","YML007W","YGL039W",-0.0598574890991766,0.00598136537116707,0.60491328107687,0.556549966335297,0.370517928286853
"926","chrXIII:259259_T/G","YML007W","YBR147W",0.24294115393401,0.0459507169583669,1,0.859720945358276,0.99800796812749
"927","chrXIII:259259_T/G","YML007W","YER053C-A",0.150806187086598,0.0148113349452171,0.00779843950418397,0.969000220298767,0.0239043824701195
"928","chrXIII:259259_T/G","YML007W","YDR379C-A",0.458816099355937,0.148205845729714,1,0.806225478649139,0.99800796812749
"929","chrXIII:259259_T/G","YML007W","YER158C",0.529134446967805,0.182555345772609,0.232834548731953,0.994791924953461,0.00597609561752988
"930","chrXIII:259259_T/G","YML007W","YPR168W",0.103554809051396,0.0296726196680175,0.00248864694606001,0.963422000408173,0.280876494023904
"931","chrXIII:259259_T/G","YML007W","YHR010W",-0.419739397728545,0.121616769361704,0.999999999902448,0.845370650291443,0.99800796812749
"932","chrXIII:259259_T/G","YML007W","YMR183C",0.488959393288778,0.160963768751925,0.994789420229156,0.941562950611115,0.924302788844622
"933","chrXIII:259259_T/G","YML007W","YMR001C",0.323705783135468,0.0930826741601828,8.51902626384027e-07,0.99910032749176,0.00199203187250996
"934","chrXIII:259259_T/G","YML007W","YPR191W",0.22366508932163,0.0456359791870524,0.00747483452945952,0.927936017513275,0.0219123505976096
"935","chrXIII:259259_T/G","YML007W","YPL060W",0.335248633737648,0.0759281992323197,1,0.953914761543274,0.99800796812749
"936","chrXIII:259259_T/G","YML007W","YGR055W",-0.0915052048588555,0.0174388094234665,0.0311285247371918,0.876704394817352,0.203187250996016
"937","chrXIII:259259_T/G","YML007W","YER141W",0.4453215967374,0.108786328286931,0.999999953744208,0.857119202613831,0.99800796812749
"938","chrXIII:259259_T/G","YML007W","YPR040W",0.555825244713715,0.212786702157126,1,0.876100897789001,0.99800796812749
"939","chrXIII:259259_T/G","YML007W","YOL026C",-0.0278232012120312,0.0252678781115084,0.998774126335237,0.676197171211243,0.99601593625498
"940","chrXIII:259259_T/G","YML007W","YGL187C",0.174950158559063,0.0211499972823364,0.010950203553614,0.907878756523132,0.0278884462151394
"941","chrXIII:259259_T/G","YML007W","YKR034W",0.0225612214271322,0.0114688600587283,0.938893180789734,0.729581117630005,0.99402390438247
"942","chrXIII:259259_T/G","YML007W","YKL011C",0.317464197068052,0.0750006043433185,0.476792957294232,0.868555545806885,0.233067729083665
"943","chrXIII:259259_T/G","YML007W","YOR065W",0.220859153195623,0.0341551656904317,0.0279500628339944,0.863721609115601,0.0537848605577689
"944","chrXIII:259259_T/G","YML007W","YIL053W",-0.23676322467613,0.0455999567402315,0.000444228509514047,0.98979651927948,0.00199203187250996
"945","chrXIII:259259_T/G","YML007W","YKR093W",0.06807732225234,0.00688871068578717,0.11838104639828,0.790823221206665,0.0398406374501992
"946","chrXIII:259259_T/G","YML007W","YJR046W",0.0816704130362477,0.0331440525354672,0.0815236766546921,0.861548662185669,0.0876494023904383
"947","chrXIII:259259_T/G","YML007W","YGL126W",0.262327732232644,0.0432566465605195,0.116237917038474,0.83759880065918,0.249003984063745
"948","chrXIII:259259_T/G","YML007W","YGL154C",0.309211250332626,0.0745168739900245,0.00759987063508975,0.927148938179016,0.0219123505976096
"949","chrXIII:259259_T/G","YML007W","YKL124W",0.525490204614498,0.188559420279867,0.999999999821696,0.93656998872757,0.99601593625498
"950","chrXIII:259259_T/G","YML007W","YNL009W",0.343506547510413,0.0776414966164678,0.960019209922444,0.866124987602234,0.758964143426295
"951","chrXIII:259259_T/G","YML007W","YML025C",0.294501537135962,0.0629004342035049,1,0.99976909160614,0.99800796812749
"952","chrXIII:259259_T/G","YML007W","YPL111W",0.0802115050177555,0.0166001582913807,0.999999977031584,0.978695750236511,0.99800796812749
"953","chrXIII:259259_T/G","YML007W","YMR137C",0.536567566244213,0.216856966165466,0.99999999999994,0.930104732513428,0.99800796812749
"954","chrXIII:259259_T/G","YML007W","YDR281C",-0.00154572117926081,0.0243204423335124,0.876314797993531,0.561766862869263,0.770916334661355
"955","chrXIII:259259_T/G","YML007W","YHR216W",-0.35432606316916,0.0715614147226703,7.94534856808617e-14,0.999547958374023,0.00199203187250996
"956","chrXIII:259259_T/G","YML007W","YJR001W",0.234148583167651,0.0456629825903444,0.0437544730332974,0.823379874229431,0.0239043824701195
"957","chrXIII:259259_T/G","YML007W","YBR037C",0.512011054656827,0.168696851640454,1,0.803293347358704,0.99800796812749
"958","chrXIII:259259_T/G","YML007W","YML035C",0.444851152305771,0.134956656535584,0.00349652872749315,0.989820837974548,0.00398406374501992
"959","chrXIII:259259_T/G","YML007W","YGR092W",0.327321404238652,0.0721881546722759,1,0.913526177406311,0.99800796812749
"960","chrXIII:259259_T/G","YML007W","YGL205W",0.252798036915693,0.046927770740963,0.000215048857122834,0.988605678081512,0.00199203187250996
"961","chrXIII:259259_T/G","YML007W","YNR067C",-0.112387475039914,0.0282162503749892,0.84954651845485,0.523368000984192,0.239043824701195
"962","chrXIII:259259_T/G","YML007W","YER045C",0.324356337666979,0.083947059047175,1,0.93256664276123,0.99800796812749
"963","chrXIII:259259_T/G","YML007W","YDR055W",0.422764115060992,0.120442341158108,1.53914796981046e-05,0.998375415802002,0.00199203187250996
"964","chrXIII:259259_T/G","YML007W","YDR227W",0.117425069781375,0.0467271320996856,0.0104406863578689,0.929465293884277,0.0697211155378486
"965","chrXIII:259259_T/G","YML007W","YLL024C",0.0909735929254475,0.0256100621157966,0.0228374309529691,0.858578562736511,0.125498007968127
"966","chrXIII:259259_T/G","YML007W","YDL097C",0.591726504318492,0.247175722193512,1,0.872682631015778,0.99800796812749
"967","chrXIII:259259_T/G","YML007W","YKR038C",0.21959420277505,0.0425153881914513,0.0339837221879691,0.855002403259277,0.0936254980079681
"968","chrXIII:259259_T/G","YML007W","YLR373C",0.30137038244555,0.0908392422413701,0.00307793162405273,0.947086870670319,0.0199203187250996
"969","chrXIII:259259_T/G","YML007W","YMR264W",0.243086680023327,0.0360561922965924,0.00349508082297804,0.950041651725769,0.00796812749003984
"970","chrXIII:259259_T/G","YML007W","YDR294C",0.330155950036606,0.0796640113425893,7.3127678072834e-08,0.999411106109619,0.00199203187250996
"971","chrXIII:259259_T/G","YML007W","YOR356W",0.121190246178991,0.0109981388815595,0.0241906229284984,0.954807043075562,0.101593625498008
"972","chrXIII:259259_T/G","YML007W","YHR193C",-0.505302150265199,0.189672621402054,0.999999999998566,0.938711047172546,0.99800796812749
"973","chrXIII:259259_T/G","YML007W","YER037W",0.37518704108526,0.0977579265203444,0.00149197526149917,0.969851911067963,0.00597609561752988
"974","chrXIII:259259_T/G","YML007W","YHR142W",0.12646717338861,0.0281029511192899,0.999977067849078,0.940158843994141,0.99800796812749
"975","chrXIII:259259_T/G","YML007W","YBL029W",0.0304324704470251,0.0268221419085476,0.999999139273784,0.999128580093384,0.99800796812749
"976","chrXIII:259259_T/G","YML007W","YER175C",0.18813405346035,0.0300886696781582,1,0.860200643539429,0.99800796812749
"977","chrXIII:259259_T/G","YML007W","YLR300W",0.0909746002267261,0.0140727348704262,0.0275921945977001,0.85231626033783,0.0139442231075697
"978","chrXIII:259259_T/G","YML007W","YOR179C",0.300512856446728,0.0553060134284342,4.32358317599236e-07,0.999074578285217,0.00199203187250996
"979","chrXIII:259259_T/G","YML007W","YEL073C",0.143194881547911,0.0306461687885108,0.999999999998635,0.887705385684967,0.99800796812749
"980","chrXIII:259259_T/G","YML007W","YLR332W",0.309293223815988,0.072828527013525,0.998636561157659,0.826009333133698,0.920318725099602
"981","chrXIII:259259_T/G","YML007W","YIL047C",-0.17893838850992,0.0336711226187552,0.999999999982131,0.997593283653259,0.99800796812749
"982","chrXIII:259259_T/G","YML007W","YML042W",0.479264720547474,0.143982871034242,1,0.825556039810181,0.99800796812749
"983","chrXIII:259259_T/G","YML007W","YOL103W-B",-0.0425670440384162,0.0118974137493344,0.997020929440538,0.889705955982208,0.99003984063745
"984","chrXIII:259259_T/G","YML007W","YFL059W",0.121635763150598,0.0506475293001517,0.892637075290112,0.915262460708618,0.539840637450199
"985","chrXIII:259259_T/G","YML007W","YPL110C",0.42134479282493,0.121678997947277,0.999999999984635,0.839026153087616,0.99800796812749
"986","chrXIII:259259_T/G","YML007W","YBR084C-A",-0.448478166333761,0.141764642773468,0.999999999890248,0.868142366409302,0.99800796812749
"987","chrXIII:259259_T/G","YML007W","YKL015W",0.388328501972915,0.112526477145761,0.591636632128746,0.909230768680573,0.448207171314741
"988","chrXIII:259259_T/G","YML007W","YLR121C",0.253560841859801,0.0379888664987989,0.00905986480494864,0.92285943031311,0.00199203187250996
"989","chrXIII:259259_T/G","YML007W","YLR285W",-0.108304836645083,0.0217796313351115,0.0187277184432654,0.900012850761414,0.047808764940239
"990","chrXIII:259259_T/G","YML007W","YPR127W",0.306782241713798,0.0704260587004773,0.000629543998787742,0.988552689552307,0.0099601593625498
"991","chrXIII:304595_T/C","YMR016C","YBR050C",0.0111935254656705,0.00618656410677759,0.870037565188964,0.481848508119583,0.749003984063745
"992","chrXIII:304595_T/C","YMR016C","YJL112W",0.120100763009878,0.0290826010671542,0.000509811524373047,0.986837863922119,0.0139442231075697
"993","chrXIII:304595_T/C","YMR016C","YBL021C",0.0779163516872233,0.0342189425525484,0.0316263492900979,0.918217301368713,0.155378486055777
"994","chrXIII:304595_T/C","YMR016C","YLR186W",0.107346684721982,0.0298502673730725,0.999760939752769,0.966416001319885,0.99402390438247
"995","chrXIII:304595_T/C","YMR016C","YNL280C",-0.137082751062057,0.0380993502756141,0.025926841427248,0.929641962051392,0.0836653386454183
"996","chrXIII:304595_T/C","YMR016C","YGR197C",0.00163467630251842,0.023166218572608,0.863198386213637,0.634633421897888,0.774900398406374
"997","chrXIII:304595_T/C","YMR016C","YLR105C",0.0810672248211817,0.0277777857685666,0.113431377740029,0.791167616844177,0.237051792828685
"998","chrXIII:304595_T/C","YMR016C","YAL034W-A",0.00726230645154586,0.0421159904141107,0.0810994233423556,0.700937628746033,0.312749003984064
"999","chrXIII:304595_T/C","YMR016C","YER046W",-0.0990072142801791,0.0120451698791974,0.0185711994468597,0.98282253742218,0.0796812749003984
"1000","chrXIII:304595_T/C","YMR016C","YAL005C",0.114794994564799,0.0203257037692021,0.0383310443582821,0.91584849357605,0.111553784860558
"1001","chrXIII:304595_T/C","YMR016C","YLL001W",0.13158162405981,0.0350431369993612,0.00539278889582179,0.966533541679382,0.0358565737051793
"1002","chrXIII:304595_T/C","YMR016C","YHR177W",-0.057329313406197,0.0154330605768832,0.956409316787015,0.747824847698212,0.910358565737052
"1003","chrXIII:304595_T/C","YMR016C","YLR441C",-0.11655791074044,0.0496441656364129,0.0198105756190698,0.962437450885773,0.615537848605578
"1004","chrXIII:304595_T/C","YMR016C","YOR206W",0.302333640344097,0.0818734082833442,1,0.83203136920929,0.99800796812749
"1005","chrXIII:304595_T/C","YMR016C","YKL124W",0.106219028307864,0.0359471636714307,0.000345073921432061,0.986981272697449,0.00199203187250996
"1006","chrXIII:304595_T/C","YMR016C","YER072W",-0.114110955949407,0.0517657736926959,0.00591290449803642,0.976093709468842,0.167330677290837
"1007","chrXIII:304595_T/C","YMR016C","YPL145C",0.52439666908392,0.204257056233008,0.0304187079963329,0.91343355178833,0.203187250996016
"1008","chrXIII:304595_T/C","YMR016C","YDR377W",-0.207115083001683,0.0438221958682619,0.999999999999999,0.948957204818726,0.99800796812749
"1009","chrXIII:304595_T/C","YMR016C","YEL020C",0.0140848506368454,0.0245279681970695,0.840143194909304,0.544458866119385,0.784860557768924
"1010","chrXIII:304595_T/C","YMR016C","YBL011W",0.294517376080205,0.0820606504726699,0.00636909215762479,0.966893076896667,0.0398406374501992
"1011","chrXIII:304595_T/C","YMR016C","YMR023C",0.10217260644636,0.021002725778182,0.0122230361388713,0.969314157962799,0.141434262948207
"1012","chrXIII:304595_T/C","YMR016C","YPL199C",-0.106383357354381,0.0195016844497967,0.0293219260243144,0.957744359970093,0.0577689243027888
"1013","chrXIII:304595_T/C","YMR016C","YLR390W-A",0.348035304589903,0.111195684317362,0.000488628791952055,0.996656894683838,0.00796812749003984
"1014","chrXIII:304595_T/C","YMR016C","YGL048C",-0.111695354857941,0.0310191374298591,0.977222122649042,0.890045762062073,0.792828685258964
"1015","chrXIII:304595_T/C","YMR016C","YDR061W",0.0670892175889207,0.0293418007027625,0.0175012552406608,0.95090925693512,0.0697211155378486
"1016","chrXIII:304595_T/C","YMR016C","YAR015W",-0.0234590278989225,0.0234175165900778,0.399733623613987,0.61174488067627,0.406374501992032
"1017","chrXIII:304595_T/C","YMR016C","YNR017W",0.429042392366935,0.114186317025712,0.0168281910397241,0.93851912021637,0.0458167330677291
"1018","chrXIII:304595_T/C","YMR016C","YDL129W",0.0942665186960385,0.0313924678492641,0.00310492527727755,0.972352743148804,0.0239043824701195
"1019","chrXIII:304595_T/C","YMR016C","YDR408C",0.0501170825641903,0.016234682369923,0.876579361891534,0.696876704692841,0.760956175298805
"1020","chrXIII:304595_T/C","YMR016C","YER098W",0.10495040760562,0.018215589192128,0.000234037715918644,0.992417454719543,0.0199203187250996
"1021","chrXIII:304595_T/C","YMR016C","YDR332W",0.139124284455721,0.0294978053555063,0.126475425008743,0.804030776023865,0.308764940239044
"1022","chrXIII:304595_T/C","YMR016C","YDR125C",0.0911144182754648,0.0375022280949792,0.0398307129849997,0.914341807365417,0.105577689243028
"1023","chrXIII:304595_T/C","YMR016C","YOL052C",0.446285537748309,0.126309209890383,0.0198914945620356,0.941041469573975,0.0756972111553785
"1024","chrXIII:304595_T/C","YMR016C","YJL156C",0.300208825133227,0.0880367410043962,0.0130552408623111,0.999683797359467,0.0458167330677291
"1025","chrXIII:304595_T/C","YMR016C","YLL025W",0.031944209680853,0.0213121122963771,0.640810173755476,0.515971064567566,0.645418326693227
"1026","chrXIII:304595_T/C","YMR016C","YML120C",0.118529430906154,0.0209926044917813,0.00215687653988468,0.995139002799988,0.0398406374501992
"1027","chrXIII:304595_T/C","YMR016C","YER143W",0.120913203592851,0.032096420292613,0.00376603678210044,0.973403632640839,0.0239043824701195
"1028","chrXIII:304595_T/C","YMR016C","YDL195W",0.492384321839566,0.173098236694613,0.0464168710130038,0.914090991020203,0.0298804780876494
"1029","chrXIII:304595_T/C","YMR016C","YOR093C",0.199122263137822,0.0287623569660233,0.0290042029958827,0.922097682952881,0.0737051792828685
"1030","chrXIII:304595_T/C","YMR016C","YGR009C",0.261103733819225,0.082473583684849,0.0191235715726243,0.965279459953308,0.131474103585657
"1031","chrXIII:304595_T/C","YMR016C","YML129C",0.0205514585473583,0.0169460592347574,0.941168945229624,0.493716567754745,0.460159362549801
"1032","chrXIII:304595_T/C","YMR016C","YOR292C",-0.126510336827306,0.0286336134986638,0.999998522814041,0.883796632289886,0.98406374501992
"1033","chrXIII:304595_T/C","YMR016C","YGR067C",0.149469175961443,0.036732136811184,0.0925775981707372,0.875692129135132,0.278884462151394
"1034","chrXIII:304595_T/C","YMR016C","YPL048W",0.027525051611744,0.0277425556017142,0.142405136597282,0.719458162784576,0.193227091633466
"1035","chrXIII:304595_T/C","YMR016C","YAL015C",0.141754070217907,0.0258800686751286,0.000811550595833615,0.986515700817108,0.00796812749003984
"1036","chrXIII:304595_T/C","YMR016C","YBR084C-A",-0.0823958088949404,0.0244669491450651,0.0269655039193743,0.934827446937561,0.330677290836653
"1037","chrXIII:304595_T/C","YMR016C","YBR147W",-0.00984829197537605,0.0144598995374556,0.665053897515363,0.42705887556076,0.384462151394422
"1038","chrXIII:304595_T/C","YMR016C","YLR432W",0.00725810357379726,0.026452536460569,0.93580566020777,0.769338488578796,0.954183266932271
"1039","chrXIII:304595_T/C","YMR016C","YHR214C-B",0.0642979108600307,0.0443438601733435,0.841407332848277,0.886806607246399,0.601593625498008
"1040","chrXIII:304595_T/C","YMR016C","YLR219W",0.269882005538698,0.0678962730439447,0.0142313424674049,0.964100122451782,0.0717131474103586
"1041","chrXIII:304595_T/C","YMR016C","YML119W",0.0636681214142607,0.0443515732057135,0.0173400080407032,0.949856877326965,0.0418326693227092
"1042","chrXIII:304595_T/C","YMR016C","YLR326W",0.0641048965111981,0.0244196692835061,0.0112943366890793,0.95968896150589,0.0836653386454183
"1043","chrXIII:304595_T/C","YMR016C","YCR081W",0.392537215122028,0.113270006419194,0.0140325457292805,0.931352972984314,0.0179282868525896
"1044","chrXIII:304595_T/C","YMR016C","YBR085W",-0.0362348036879222,0.00445800736807648,0.835994423706891,0.545946717262268,0.589641434262948
"1045","chrXIII:304595_T/C","YMR016C","YGR143W",0.105679172713417,0.0267669728106083,0.000380337985412171,0.997028470039368,0.0258964143426295
"1046","chrXIII:304595_T/C","YMR016C","YNL177C",0.20971481181997,0.0384098028897059,0.0499708592097331,0.875033378601074,0.0258964143426295
"1047","chrXIII:304595_T/C","YMR016C","YPR153W",0.073983766448376,0.0366257818890177,0.0702474673087088,0.803717017173767,0.179282868525896
"1048","chrXIII:304595_T/C","YMR016C","YKR094C",-0.123071502887603,0.0301324288249986,0.0333182507781752,0.941947877407074,0.153386454183267
"1049","chrXIII:304595_T/C","YMR016C","YOR280C",-0.100275522371681,0.0217186547897584,0.999786475034235,0.994784772396088,0.99800796812749
"1050","chrXIII:304595_T/C","YMR016C","YMR042W",0.375809738526239,0.119740003134963,0.00346221205339591,0.972500205039978,0.0318725099601594
"1051","chrXIII:304595_T/C","YMR016C","YDR262W",0.0549538538495923,0.0247194081168257,0.0975542005674574,0.808791756629944,0.372509960159363
"1052","chrXIII:304595_T/C","YMR016C","YDR276C",-0.0514961706399858,0.0116318435920462,0.9944063596523,0.797744631767273,0.916334661354582
"1053","chrXIII:304595_T/C","YMR016C","YOL103W-B",0.0367538269086014,0.0237807182760446,0.657694810787788,0.623470962047577,0.252988047808765
"1054","chrXIII:304595_T/C","YMR016C","YKL007W",-0.0681100305984552,0.016164368020903,0.899040472372197,0.797615647315979,0.900398406374502
"1055","chrXIII:304595_T/C","YMR016C","YFL024C",0.177955366665596,0.0792821616368462,0.0520042504320458,0.883438289165497,0.209163346613546
"1056","chrXIII:304595_T/C","YMR016C","YNR058W",-0.195141628470169,0.0434367865600556,0.00350721652334816,0.965787053108215,0.0099601593625498
"1057","chrXIII:304595_T/C","YMR016C","YKL072W",0.0721351254604742,0.0303659080090103,0.0550465589158908,0.869222700595856,0.163346613545817
"1058","chrXIII:304595_T/C","YMR016C","YHL013C",-0.0440345227388596,0.0494843391807089,0.786662485174584,0.382712692022324,0.456175298804781
"1059","chrXIII:304595_T/C","YMR016C","YGR183C",-0.0744272916216975,0.0203446039242867,0.999995908036098,0.989824414253235,0.98605577689243
"1060","chrXIII:304595_T/C","YMR016C","YIR016W",0.109553160805472,0.00925419171685955,0.0277972279753474,0.964284360408783,0.0378486055776892
"1061","chrXIII:304595_T/C","YMR016C","YNL002C",0.0558395611278639,0.0180473840892882,0.995638980201068,0.894542336463928,0.97808764940239
"1062","chrXIII:304595_T/C","YMR016C","YLL012W",0.0143100577307519,0.0129554603824671,0.967571562958416,0.871299803256989,0.958167330677291
"1063","chrXIII:304595_T/C","YMR016C","YKL009W",0.0726564328175839,0.0270819138974749,0.999905086652225,0.867998480796814,0.968127490039841
"1064","chrXIII:304595_T/C","YMR016C","YDR148C",0.0854302171603776,0.0198521703735123,0.00511245167600382,0.984121203422546,0.145418326693227
"1065","chrXIII:304595_T/C","YMR016C","YER003C",-0.0481779812902008,0.0174805630447787,0.756291042995472,0.599472165107727,0.581673306772908
"1066","chrXIII:304595_T/C","YMR016C","YEL052W",0.103780189817937,0.0229275211026146,0.00895732922515192,0.965096831321716,0.741035856573705
"1067","chrXIII:304595_T/C","YMR016C","YJL101C",0.387340837280169,0.101445552321432,0.00816042604136323,0.999646544456482,0.0298804780876494
"1068","chrXIII:304595_T/C","YMR016C","YPL056C",0.168198472808533,0.0555276725625317,0.010950816650401,0.942138671875,0.418326693227092
"1069","chrXIII:304595_T/C","YMR016C","YCR015C",0.0256717214627177,0.0173136284931077,0.980892443787123,0.775305986404419,0.970119521912351
"1070","chrXIII:304595_T/C","YMR016C","YBR030W",-0.00933272739337186,0.0281565338937629,0.914243868370147,0.543306112289429,0.615537848605578
"1071","chrXIII:304595_T/C","YMR016C","YBL068W",0.192469096083609,0.0411262936321536,0.999999999998335,0.967245519161224,0.99800796812749
"1072","chrXIII:304595_T/C","YMR016C","YBR046C",-0.00337853480109557,0.0218794441941991,0.847309229362519,0.698061287403107,0.912350597609562
"1073","chrXIII:304595_T/C","YMR016C","YPR031W",0.171703186567492,0.065738379610934,0.000502833201043396,0.987446784973145,0.0099601593625498
"1074","chrXIII:304595_T/C","YMR016C","YFL013C",0.298784223249085,0.100257389661252,0.0678469688155992,0.885428071022034,0.225099601593625
"1075","chrXIII:304595_T/C","YMR016C","YLR222C",0.296548164926897,0.0625454614740894,1,0.895882725715637,0.99800796812749
"1076","chrXIII:304595_T/C","YMR016C","YPR132W",-0.281167484875111,0.092171264849604,0.128349687711383,0.849718153476715,0.468127490039841
"1077","chrXIII:304595_T/C","YMR016C","YGR116W",0.50791832009286,0.172613004993541,0.0555504339332707,0.859641313552856,0.0378486055776892
"1078","chrXIII:304595_T/C","YMR016C","YLR060W",0.338011962177388,0.0891778946118651,1,0.959211528301239,0.99800796812749
"1079","chrXIII:304595_T/C","YMR016C","YPL249C",0.218346283850808,0.0691289675156891,0.0181684304392945,0.943881034851074,0.0657370517928287
"1080","chrXIII:304595_T/C","YMR016C","YNL135C",-0.107442934095878,0.0422680899936607,0.00251950273128232,0.984683096408844,0.0637450199203187
"1081","chrXIII:304595_T/C","YMR016C","YMR142C",-0.137650127979943,0.0492390405306685,0.0665423117655122,0.923903584480286,0.294820717131474
"1082","chrXIII:304595_T/C","YMR016C","YDL241W",0.061033896305053,0.0140330927718128,0.998543771548235,0.933853805065155,0.954183266932271
"1083","chrXIII:304595_T/C","YMR016C","YOR303W",-0.0122771732342729,0.0365350198052865,0.823597942452564,0.489800989627838,0.583665338645418
"1084","chrXIII:304595_T/C","YMR016C","YMR007W",-0.178319206593699,0.0400053089400906,0.00337392320706811,0.999561429023743,0.0418326693227092
"1085","chrXIII:304595_T/C","YMR016C","YGL206C",0.391802603035545,0.10114417588326,0.088850895178096,0.846555709838867,0.049800796812749
"1086","chrXIII:304595_T/C","YMR016C","YHR001W",-0.0961411990009007,0.028677966125521,0.993377058226257,0.862596154212952,0.908366533864542
"1087","chrXIII:304595_T/C","YMR016C","YDR531W",-0.0464307188079926,0.00511109499213193,0.991459804084906,0.807469844818115,0.571713147410359
"1088","chrXIII:304595_T/C","YMR016C","YIL146C",0.254140885301811,0.0568814565417075,0.0632838798893986,0.877048492431641,0.099601593625498
"1089","chrXIII:304595_T/C","YMR016C","YDR322C-A",-0.0685285005997437,0.012831688102746,0.999760559359335,0.973061084747314,0.934262948207171
"1090","chrXIII:304595_T/C","YMR016C","YDR307W",0.00579862822469992,0.0186653888442302,0.0798711203118251,0.698424994945526,0.231075697211155
"1091","chrXIII:304595_T/C","YMR016C","YMR241W",-0.0152425524166877,0.0261312938129655,0.910673245176876,0.498417586088181,0.908366533864542
"1092","chrXIII:304595_T/C","YMR016C","YBL095W",-0.0799265429594949,0.0155805795830375,0.999841772940027,0.949691712856293,0.966135458167331
"1093","chrXIII:304595_T/C","YMR016C","YDR296W",0.149094390416753,0.0265388751829273,0.00798461461192531,0.955494284629822,0.00398406374501992
"1094","chrXIII:304595_T/C","YMR016C","YOR095C",-0.0419898748159548,0.0187370947762407,0.587056876132684,0.633136749267578,0.681274900398406
"1095","chrXIII:304595_T/C","YMR016C","YOL111C",-0.00705888948414863,0.0342460665292798,0.78672474192645,0.520738005638123,0.856573705179283
"1096","chrXIII:304595_T/C","YMR016C","YLR139C",0.412315205225536,0.157700712651226,0.0943387184002218,0.906455039978027,0.0458167330677291
"1097","chrXIII:304595_T/C","YMR016C","YBR150C",0.282644130658647,0.0535463086027455,1,0.951894223690033,0.99800796812749
"1098","chrXIII:304595_T/C","YMR016C","YGR147C",0.246117672726958,0.0475712284279485,0.0080825709569341,0.957571387290955,0.0219123505976096
"1099","chrXIII:304595_T/C","YMR016C","YGL128C",0.281897593051279,0.0978780519904166,0.0959564380211284,0.882364094257355,0.191235059760956
"1100","chrXIII:304595_T/C","YMR016C","YPR001W",0.00712278943537325,0.0189586760707084,0.916896585856129,0.667640566825867,0.452191235059761
"1101","chrXIII:304595_T/C","YMR016C","YDL101C",0.0537896335568782,0.0124248666246678,0.0214069171061009,0.856997549533844,0.111553784860558
"1102","chrXIII:304595_T/C","YMR016C","YDL051W",-0.0221657919953195,0.0271608982437185,0.67526695783564,0.515807151794434,0.653386454183267
"1103","chrXIII:304595_T/C","YMR016C","YPR009W",0.00346821934941699,0.0156967569126434,0.926948650562298,0.831334114074707,0.768924302788845
"1104","chrXIII:304595_T/C","YMR016C","YOR176W",0.033376742615292,0.0105240177986649,0.343408946447952,0.638360381126404,0.338645418326693
"1105","chrXIII:304595_T/C","YMR016C","YIL083C",0.282289861641149,0.0493626407740178,0.00376855604861251,0.973675847053528,0.0099601593625498
"1106","chrXIII:304595_T/C","YMR016C","YGR232W",-0.248383081724333,0.0606542646817404,1,0.983096837997437,0.99800796812749
"1107","chrXIII:304595_T/C","YMR016C","YHL029C",0.455588983935548,0.190777455981852,0.0242398816005025,0.942262887954712,0.0159362549800797
"1108","chrXIII:304595_T/C","YMR016C","YLR264W",-0.0231536072043484,0.0618684793624341,0.0728663163024432,0.6521315574646,0.589641434262948
"1109","chrXIII:304595_T/C","YMR016C","YJR078W",0.096220486347519,0.0354984035597317,0.0169647193176531,0.962287127971649,0.115537848605578
"1110","chrXIII:304595_T/C","YMR016C","YMR121C",-0.128769238889985,0.0344019076607489,0.999782394899561,0.9842768907547,0.99800796812749
"1111","chrXIII:304595_T/C","YMR016C","YDL173W",0.125569610058508,0.058955092923792,0.00425916496612705,0.969608724117279,0.141434262948207
"1112","chrXIII:304595_T/C","YMR016C","YGL012W",-0.12571945480733,0.0207275528566595,0.999998203740226,0.906379818916321,0.952191235059761
"1113","chrXIII:304595_T/C","YMR016C","YFR010W",0.084233450616007,0.0288943558840133,0.0873515300662573,0.848965406417847,0.256972111553785
"1114","chrXIII:304595_T/C","YMR016C","YOR212W",0.0648515962130242,0.00981757178874673,0.998339998787249,0.851919412612915,0.958167330677291
"1115","chrXIII:304595_T/C","YMR016C","YGR117C",0.0113098166615574,0.0213235873034737,0.284211546483484,0.564208149909973,0.147410358565737
"1116","chrXIII:304595_T/C","YMR016C","YLR260W",0.283614648073305,0.0587614647325364,0.0143179128344233,0.94687020778656,0.0637450199203187
"1117","chrXIII:304595_T/C","YMR016C","YMR235C",-0.0325734603692306,0.0469866176978273,0.993102139788284,0.591249167919159,0.99402390438247
"1118","chrXIII:304595_T/C","YMR016C","YML097C",0.241233234092545,0.0708037880917909,0.00153442585140434,0.9790118932724,0.00597609561752988
"1119","chrXIII:304595_T/C","YMR016C","YML045W",0.065662931460355,0.0259917207402832,0.618948467993375,0.677065074443817,0.464143426294821
"1120","chrXIII:304595_T/C","YMR016C","YER015W",-0.0687492153615112,0.00758605037502467,0.998489170787827,0.978371441364288,0.98207171314741
"1121","chrXIII:304595_T/C","YMR016C","YDR502C",-0.0285349464016726,0.0443994303187087,0.389993715608895,0.666029393672943,0.745019920318725
"1122","chrXIII:304595_T/C","YMR016C","YPL034W",-0.122283619615111,0.0255466786608217,0.00408163289218767,0.970736026763916,0.0278884462151394
"1123","chrXIII:304595_T/C","YMR016C","YBL003C",-0.303357915228141,0.0910752366340543,0.99999379623788,0.726377069950104,0.621513944223108
"1124","chrXIII:304595_T/C","YMR016C","YOR179C",0.144353961130652,0.0278952039529325,8.73362366282465e-05,0.998166084289551,0.00398406374501992
"1125","chrXIII:304595_T/C","YMR016C","YER070W",0.17464542097685,0.0467722582702001,0.999999996778872,0.848812222480774,0.98605577689243
"1126","chrXIII:304595_T/C","YMR016C","YMR171C",0.145244392304575,0.037382591844847,0.0200039458460778,0.938020706176758,0.213147410358566
"1127","chrXIII:304595_T/C","YMR016C","YDR375C",0.218182915792867,0.0350971766724201,0.0389769821770243,0.89359712600708,0.00796812749003984
"1128","chrXIII:304595_T/C","YMR016C","YOL100W",0.121421971785769,0.0456450595214382,0.00944643961778588,0.963563144207001,0.0557768924302789
"1129","chrXIII:304595_T/C","YMR016C","YMR116C",-0.138335938056205,0.084394857756893,0.0894176762861259,0.91174453496933,0.390438247011952
"1130","chrXIII:304595_T/C","YMR016C","YDR421W",0.150936524469959,0.0351155531836247,0.000271443353891486,0.99213981628418,0.00796812749003984
"1131","chrXIII:304595_T/C","YMR016C","YHR103W",0.195840521884877,0.0353572008092369,0.00137566630467072,0.999537706375122,0.0119521912350598
"1132","chrXIII:304595_T/C","YMR016C","YDR224C",-0.098841148507319,0.0315720269396209,0.99966841953761,0.907141625881195,0.938247011952191
"1133","chrXIII:304595_T/C","YMR016C","YMR088C",-0.180557550057113,0.0351238688203209,6.20982606788483e-05,0.998533844947815,0.00398406374501992
"1134","chrXIII:304595_T/C","YMR016C","YIR006C",0.519802252170511,0.184106606757706,0.0958914889784987,0.861891865730286,0.139442231075697
"1135","chrXIII:304595_T/C","YMR016C","YMR276W",0.0500141757393154,0.0692550606691221,0.0314600678062095,0.925001919269562,0.185258964143426
"1136","chrXIII:304595_T/C","YMR016C","YBR223C",0.189862142483738,0.0541997827144248,0.00845012253405998,0.962594211101532,0.0179282868525896
"1137","chrXIII:304595_T/C","YMR016C","YBR021W",0.159035666720501,0.0491332001264199,0.999999802525066,0.967460632324219,0.99800796812749
"1138","chrXIII:304595_T/C","YMR016C","YML019W",-0.0023125669066587,0.0210082247705531,0.853341627623515,0.919506430625916,0.260956175298805
"1139","chrXIII:304595_T/C","YMR016C","YER102W",-0.0636013848100102,0.0387011449692577,0.0234977039930346,0.917633771896362,0.155378486055777
"1140","chrXIII:304595_T/C","YMR016C","YML035C",0.40034162333409,0.112330150848093,0.00215563514065731,0.985197424888611,0.0179282868525896
"1141","chrXIII:304595_T/C","YMR016C","YMR298W",-0.103292308653831,0.0106271475575634,0.999998161481796,0.998357832431793,0.99800796812749
"1142","chrXIII:304595_T/C","YMR016C","YML028W",-0.162167389551991,0.037088218195855,0.999999999936986,0.994541883468628,0.99800796812749
"1143","chrXIII:313064_C/T","YMR019W","YMR287C",0.144337427495872,0.026881569225076,1,0.997868537902832,0.99800796812749
"1144","chrXIII:313064_C/T","YMR019W","YDR388W",0.0565591100078705,0.0218917932268589,0.9999999486198,0.944840669631958,0.99800796812749
"1145","chrXIII:149072_A/G","YMR021C","YDR135C",0.113398180302135,0.0215514889527584,0.00197267841753249,0.990241765975952,0.0557768924302789
"1146","chrXIII:354750_AT/A","YMR043W","YLR373C",0.236731106816972,0.0997948417600458,0.0364145615560267,0.908280193805695,0.0677290836653386
"1147","chrXIII:354750_AT/A","YMR043W","YER046W",-0.0733596912044988,0.00986524051538338,0.0317626063569247,0.881546258926392,0.368525896414343
"1148","chrXIII:354750_AT/A","YMR043W","YBL003C",-0.463549755409303,0.178977234204823,1,0.933249711990356,0.99800796812749
"1149","chrXIII:354750_AT/A","YMR043W","YJR101W",0.258146042545419,0.0726877661928217,0.0350467556536717,0.923178553581238,0.0199203187250996
"1150","chrXIII:354750_AT/A","YMR043W","YOR296W",0.27626785567429,0.0603101367014241,0.000496388128545578,0.992412626743317,0.00597609561752988
"1151","chrXIII:354750_AT/A","YMR043W","YIL019W",-0.0910661372831461,0.0312869352506129,0.772518968985175,0.857074618339539,0.0258964143426295
"1152","chrXIII:354750_AT/A","YMR043W","YFL050C",0.316700338509963,0.0784757899135435,1,0.986663341522217,0.99800796812749
"1153","chrXIII:354750_AT/A","YMR043W","YDR044W",0.0288709450580485,0.0180394622590481,0.0333991160788845,0.773812413215637,0.290836653386454
"1154","chrXIII:354750_AT/A","YMR043W","YBR066C",-0.0562435468314568,0.0454334251857615,0.788152109530181,0.572106301784515,0.0199203187250996
"1155","chrXIII:354750_AT/A","YMR043W","YJL149W",0.267865284175379,0.0845749751584516,1,0.987892687320709,0.99800796812749
"1156","chrXIII:354750_AT/A","YMR043W","YNL030W",-0.279111883998073,0.0686492998601576,1,0.935222923755646,0.99800796812749
"1157","chrXIII:354750_AT/A","YMR043W","YBR284W",0.191962203555141,0.0413417256178858,0.00659343522747347,0.968616485595703,0.0278884462151394
"1158","chrXIII:354750_AT/A","YMR043W","YJR059W",0.486890257524445,0.152847430415389,0.485247421470912,0.879578471183777,0.535856573705179
"1159","chrXIII:354750_AT/A","YMR043W","YDR493W",0.186599736784071,0.0371608448297157,0.19440213250095,0.815742373466492,0.103585657370518
"1160","chrXIII:354750_AT/A","YMR043W","YNL251C",0.248091635887727,0.0788752921447474,0.000672165884419873,0.990495562553406,0.0119521912350598
"1161","chrXIII:354750_AT/A","YMR043W","YJL100W",0.489263517227683,0.14981040149847,3.1015851466831e-05,0.999759912490845,0.00796812749003984
"1162","chrXIII:354750_AT/A","YMR043W","YJR120W",0.363674096910696,0.0986419962582841,0.000828851904000205,0.992012500762939,0.0179282868525896
"1163","chrXIII:354750_AT/A","YMR043W","YDL129W",0.0242622059414033,0.0409717125908997,0.00788162101366595,0.698455452919006,0.428286852589641
"1164","chrXIII:354750_AT/A","YMR043W","YOL031C",0.1850702597852,0.0475404226253915,0.00297560415637673,0.980286657810211,0.0139442231075697
"1165","chrXIII:354750_AT/A","YMR043W","YOR206W",0.0556423269062456,0.0357785219675514,0.923134778056109,0.724615931510925,0.894422310756972
"1166","chrXIII:354750_AT/A","YMR043W","YOL111C",0.228126623513494,0.0697452140160041,2.65331025031496e-06,0.999601125717163,0.00398406374501992
"1167","chrXIII:354750_AT/A","YMR043W","YNL185C",0.423434919821655,0.104702932126059,0.00141246382402549,0.988327622413635,0.00398406374501992
"1168","chrXIII:354750_AT/A","YMR043W","YOL029C",0.154574885110053,0.053390357793097,0.999999999951243,0.945240020751953,0.99800796812749
"1169","chrXIII:354750_AT/A","YMR043W","YOR152C",0.227321106679539,0.0445159534165065,6.67169934042804e-05,0.997848033905029,0.00199203187250996
"1170","chrXIII:354750_AT/A","YMR043W","YCR079W",0.439289598804984,0.128392033668537,0.43302964519389,0.848446488380432,0.705179282868526
"1171","chrXIII:354750_AT/A","YMR043W","YBR039W",0.28738336739266,0.0881280456938209,1.40904158296727e-06,0.999608397483826,0.00199203187250996
"1172","chrXIII:354750_AT/A","YMR043W","YGR283C",-0.152816449688375,0.0425929455306217,9.25656746945033e-05,0.997508764266968,0.00597609561752988
"1173","chrXIII:354750_AT/A","YMR043W","YDL229W",-0.168943644191178,0.0664806289998762,0.0592303756738863,0.933819651603699,0.50597609561753
"1174","chrXIII:354750_AT/A","YMR043W","YKR089C",0.369645193639372,0.102037108139062,4.9731508158472e-05,0.998078346252441,0.00199203187250996
"1175","chrXIII:354750_AT/A","YMR043W","YHR152W",0.17776248583801,0.0528656902985805,1,0.886614441871643,0.99800796812749
"1176","chrXIII:354750_AT/A","YMR043W","YLR259C",0.533272371151202,0.201117100097444,0.0121135291175738,0.967349588871002,0.0737051792828685
"1177","chrXIII:354750_AT/A","YMR043W","YBR294W",-0.0142585232710852,0.0105644707159388,0.829895857864666,0.468054622411728,0.719123505976096
"1178","chrXIII:354750_AT/A","YMR043W","YLR406C",-0.262693961505553,0.0667098601779947,0.102973108691032,0.88964968919754,0.47609561752988
"1179","chrXIII:354750_AT/A","YMR043W","YDL240W",0.122404692597527,0.0491797249666793,0.00534610837512035,0.965561807155609,0.0179282868525896
"1180","chrXIII:354750_AT/A","YMR043W","YOR354C",0.378016249344255,0.101147226523739,0.00769725647924717,0.966235160827637,0.0278884462151394
"1181","chrXIII:354750_AT/A","YMR043W","YHR090C",0.322826281759326,0.111589070227561,0.00153900627253586,0.989084184169769,0.137450199203187
"1182","chrXIII:354750_AT/A","YMR043W","YPR057W",0.129866456280409,0.0163705206027814,0.0564382016828633,0.903077065944672,0.185258964143426
"1183","chrXIII:354750_AT/A","YMR043W","YDL101C",0.188064862282869,0.0418133229413163,0.05452895896205,0.911160230636597,0.097609561752988
"1184","chrXIII:354750_AT/A","YMR043W","YHL020C",0.0987428382181637,0.0443146554936787,0.0523009167973671,0.909082174301147,0.195219123505976
"1185","chrXIII:354750_AT/A","YMR043W","YJR035W",0.349721990057288,0.11688688716789,0.00912130448390023,0.96951425075531,0.0219123505976096
"1186","chrXIII:354750_AT/A","YMR043W","YNL134C",0.406193372228516,0.123043241417733,1.02891877199771e-06,0.999530076980591,0.00398406374501992
"1187","chrXIII:354750_AT/A","YMR043W","YPL183C",0.0405377168738467,0.0306491646236089,0.741114901301584,0.477896481752396,0.9800796812749
"1188","chrXIII:354750_AT/A","YMR043W","YJL079C",0.556889047489311,0.205584230093868,0.0109749481169842,0.9998779296875,0.0258964143426295
"1189","chrXIII:354750_AT/A","YMR043W","YGL196W",0.205692449407396,0.0329375713323921,0.000113432980356021,0.995373010635376,0.00199203187250996
"1190","chrXIII:354750_AT/A","YMR043W","YGL256W",0.00926093112637714,0.0452592697792564,0.82287284934073,0.610531568527222,0.818725099601594
"1191","chrXIII:354750_AT/A","YMR043W","YDR256C",0.139195826002853,0.0238716461248289,0.0212312835902442,0.950404286384583,0.0896414342629482
"1192","chrXIII:354750_AT/A","YMR043W","YDL055C",-0.0268294695552625,0.0520121869269505,0.999755935989754,0.897622466087341,0.754980079681275
"1193","chrXIII:354750_AT/A","YMR043W","YKL071W",0.215855019381692,0.0457666188643682,0.00317740485574933,0.97891628742218,0.0338645418326693
"1194","chrXIII:354750_AT/A","YMR043W","YLR180W",-0.210119480635924,0.0416049896953512,0.999999999982343,0.987860262393951,0.99800796812749
"1195","chrXIII:354750_AT/A","YMR043W","YEL051W",-0.446073437149199,0.144174986498266,0.0194142809186146,0.956746101379395,0.0239043824701195
"1196","chrXIII:354750_AT/A","YMR043W","YER015W",0.248234742138341,0.0532217358981724,3.29875972979267e-06,0.999295234680176,0.00398406374501992
"1197","chrXIII:354750_AT/A","YMR043W","YML106W",-0.256200503805787,0.0647809433511112,0.0181466202242469,0.965246677398682,0.151394422310757
"1198","chrXIII:354750_AT/A","YMR043W","YBL002W",-0.186987814074368,0.0548108218612122,0.999999866338996,0.990380644798279,0.99800796812749
"1199","chrXIII:354750_AT/A","YMR043W","YPL161C",0.203762564361197,0.0518744985096127,0.000138964342013737,0.997531533241272,0.0099601593625498
"1200","chrXIII:354750_AT/A","YMR043W","YLR438W",0.290048408699596,0.0664687878065998,1,0.977330088615417,0.99800796812749
"1201","chrXIII:354750_AT/A","YMR043W","YLR055C",0.187200227284219,0.0467380141295358,0.0011757734422527,0.989139080047607,0.00597609561752988
"1202","chrXIII:354750_AT/A","YMR043W","YKR067W",0.315536095060897,0.07727941958777,0.000675394261360013,0.991664052009583,0.00597609561752988
"1203","chrXIII:589273_C/T","YMR164C","YMR116C",-0.313086292038662,0.128598931049684,1,0.97173672914505,0.99800796812749
"1204","chrXIV:48880_A/G","YNL314W","YHL048W",0.0967834172459681,0.0301960937381838,0.997548309932878,0.918559432029724,0.98804780876494
"1205","chrXIV:243530_A/T","YNL216W","YPR174C",0.285927712841515,0.0891407366003401,0.999966212412137,0.899925351142883,0.99800796812749
"1206","chrXIV:243530_A/T","YNL216W","YBL028C",-0.0518400192994294,0.0223659587114081,0.999191943887051,0.917952179908752,0.932270916334661
"1207","chrXIV:243530_A/T","YNL216W","YAL016W",-0.00785224923370713,0.0294023473101245,0.999999958185136,0.99889075756073,0.99800796812749
"1208","chrXIV:243530_A/T","YNL216W","YLR420W",-0.222926818531653,0.0467389471378084,0.646885468758305,0.941029667854309,0.581673306772908
"1209","chrXIV:243530_A/T","YNL216W","YNL237W",0.342597730193612,0.0784007995627221,0.419019717851099,0.642767310142517,0.394422310756972
"1210","chrXIV:243530_A/T","YNL216W","YIL106W",0.045493754946269,0.0132237937784009,0.45011874921781,0.545431017875671,0.201195219123506
"1211","chrXIV:243530_A/T","YNL216W","YKL145W",-0.00810772167867383,0.033319008780467,0.856189583194995,0.474953711032867,0.729083665338645
"1212","chrXIV:243530_A/T","YNL216W","YMR170C",-0.00717161460194585,0.0331187888973863,0.999999628468046,0.997689127922058,0.99601593625498
"1213","chrXIV:243530_A/T","YNL216W","YDR170C",0.402749849127688,0.105715675681886,0.999999947789034,0.979407668113708,0.99800796812749
"1214","chrXIV:243530_A/T","YNL216W","YOL100W",0.231809050689982,0.0446668777374796,1.03233954537458e-05,0.999087929725647,0.00398406374501992
"1215","chrXIV:243530_A/T","YNL216W","YGR035C",-0.021932752329094,0.0163320554044545,0.994590700003306,0.881184339523315,0.950199203187251
"1216","chrXIV:243530_A/T","YNL216W","YLR190W",0.18378525596446,0.0409355326548136,0.508903442385126,0.97035139799118,0.541832669322709
"1217","chrXIV:243530_A/T","YNL216W","YMR235C",0.0249814885233708,0.0426789254991137,0.999999999999967,0.861621260643005,0.99800796812749
"1218","chrXIV:243530_A/T","YNL216W","YDL248W",-0.216228403967132,0.051522609032518,0.952763602947002,0.889098167419434,0.908366533864542
"1219","chrXIV:243530_A/T","YNL216W","YNL281W",-0.391997475309338,0.131110089832738,0.999844606504084,0.994934916496277,0.98406374501992
"1220","chrXIV:243530_A/T","YNL216W","YOR173W",0.0343407762516057,0.028597029171063,0.999475678498263,0.948870003223419,0.926294820717131
"1221","chrXIV:243530_A/T","YNL216W","YBR086C",0.371489979094793,0.102348544239711,0.54102804603512,0.998305797576904,0.623505976095618
"1222","chrXIV:243530_A/T","YNL216W","YMR251W",0.0153081775160791,0.0269312820931045,0.905436979412856,0.654006898403168,0.952191235059761
"1223","chrXIV:243530_A/T","YNL216W","YML092C",-0.292064609045012,0.0904151963938274,0.999999178889218,0.939889669418335,0.99800796812749
"1224","chrXIV:243530_A/T","YNL216W","YPL058C",-0.0288564607603529,0.0198885746073832,0.929737245740611,0.649155497550964,0.860557768924303
"1225","chrXIV:243530_A/T","YNL216W","YJR144W",0.150855859320442,0.0260781375998854,0.028100455481938,0.93205463886261,0.0717131474103586
"1226","chrXIV:243530_A/T","YNL216W","YAL017W",0.201929773895713,0.0447680341733722,0.000374724731504474,0.997835874557495,0.00199203187250996
"1227","chrXIV:243530_A/T","YNL216W","YNL002C",-0.0962138867874179,0.0271549873310023,0.684157046179489,0.497968822717667,0.378486055776892
"1228","chrXIV:243530_A/T","YNL216W","YLR150W",0.0248817309622634,0.06516431795731,0.999999999868124,0.905289471149445,0.99800796812749
"1229","chrXIV:243530_A/T","YNL216W","YFL041W",0.0155341950822787,0.0217340437957466,0.9762999817408,0.830742359161377,0.97808764940239
"1230","chrXIV:243530_A/T","YNL216W","YIL087C",-0.0294604826040632,0.0207638451083842,0.999965261374486,0.981100678443909,0.99601593625498
"1231","chrXIV:243530_A/T","YNL216W","YHL008C",-0.0450090462022814,0.0108822761284796,0.998932737781265,0.951686143875122,0.99800796812749
"1232","chrXIV:243530_A/T","YNL216W","YIL129C",0.377818413057505,0.0918173243418469,0.952970581326755,0.9952712059021,0.930278884462151
"1233","chrXIV:243530_A/T","YNL216W","YPL019C",-0.0486374380331699,0.0211607840272969,0.139700757278786,0.59625631570816,0.256972111553785
"1234","chrXIV:243530_A/T","YNL216W","YPL239W",-0.117156733983299,0.0172514270381354,0.674891884598668,0.713434517383575,0.133466135458167
"1235","chrXIV:243530_A/T","YNL216W","YLR306W",-0.15970141181842,0.0240808590357036,0.410590611037883,0.865746200084686,0.410358565737052
"1236","chrXIV:243530_A/T","YNL216W","YNL177C",-0.0874291776023018,0.0276633681836532,0.0237370319710154,0.85200572013855,0.0199203187250996
"1237","chrXIV:243530_A/T","YNL216W","YPL202C",-0.0258944276706912,0.0286274998950024,0.984675189630371,0.884438931941986,0.97808764940239
"1238","chrXIV:243530_A/T","YNL216W","YDR100W",0.0297830158421977,0.0178482128219098,0.997726876869295,0.981433033943176,0.98605577689243
"1239","chrXIV:243530_A/T","YNL216W","YDR142C",0.0880144543796898,0.0178092185200907,0.331208194215058,0.774973154067993,0.235059760956175
"1240","chrXIV:243530_A/T","YNL216W","YGL088W",-0.0319686975222808,0.0155114359959809,0.725156987206395,0.399662375450134,0.754980079681275
"1241","chrXIV:243530_A/T","YNL216W","YKL091C",-0.0838343624806996,0.0247405579344876,0.999999999973764,0.928444802761078,0.99800796812749
"1242","chrXIV:243530_A/T","YNL216W","YDL142C",-0.128391500910514,0.0416313752947746,0.999999999966386,0.864482998847961,0.99800796812749
"1243","chrXIV:243530_A/T","YNL216W","YPR036W",0.02226937035438,0.0191948656704357,0.996614278946409,0.943434000015259,0.962151394422311
"1244","chrXIV:243530_A/T","YNL216W","YKL073W",-0.0260402547925745,0.0213038253206995,0.586348928748055,0.632128775119781,0.737051792828685
"1245","chrXIV:243530_A/T","YNL216W","YGR186W",0.239252080884718,0.0614956863722927,0.998743593677451,0.887657344341278,0.99800796812749
"1246","chrXIV:243530_A/T","YNL216W","YGL222C",0.302265190169856,0.066458853055507,4.73016947664418e-05,0.998398423194885,0.00398406374501992
"1247","chrXIV:243530_A/T","YNL216W","YIL020C",0.0222066745334195,0.0337879843078981,0.999991324342832,0.92800509929657,0.99800796812749
"1248","chrXIV:243530_A/T","YNL216W","YLR324W",0.0366899533495622,0.0320794301026499,0.95565191147947,0.74329549074173,0.695219123505976
"1249","chrXIV:243530_A/T","YNL216W","YDR267C",0.0232344923392017,0.0269474112861841,0.321907557829792,0.299006402492523,0.958167330677291
"1250","chrXIV:243530_A/T","YNL216W","YMR008C",-0.133733995328646,0.0493267146136545,0.0806416902143311,0.952836751937866,0.0657370517928287
"1251","chrXIV:243530_A/T","YNL216W","YDR120C",0.140305663604698,0.0549708699309456,1,0.993283033370972,0.99800796812749
"1252","chrXIV:243530_A/T","YNL216W","YPL241C",0.161655553142535,0.0396391032644304,0.0886875075093301,0.954113483428955,0.165338645418327
"1253","chrXIV:243530_A/T","YNL216W","YPL154C",0.16857292258613,0.0335565131653059,0.031604150159852,0.971981644630432,0.00199203187250996
"1254","chrXIV:243530_A/T","YNL216W","YMR109W",0.230968486718437,0.0482754374533257,0.98859537035629,0.861981153488159,0.99601593625498
"1255","chrXIV:243530_A/T","YNL216W","YJR040W",0.193643065200192,0.0257304963388312,0.00100267630256049,0.992077589035034,0.00199203187250996
"1256","chrXIV:243530_A/T","YNL216W","YOR337W",0.0861916095670604,0.0359871989767897,0.999999999987416,0.981003284454346,0.99800796812749
"1257","chrXIV:243530_A/T","YNL216W","YIL167W",-0.305303558171354,0.0774905819615755,2.88541022653173e-06,0.999403476715088,0.00199203187250996
"1258","chrXIV:243530_A/T","YNL216W","YJL210W",0.176667954584328,0.022436894848641,0.00436782155385223,0.974557518959045,0.00597609561752988
"1259","chrXIV:243530_A/T","YNL216W","YGL256W",0.0482985795674169,0.0242055699770576,0.742614164596485,0.469435840845108,0.750996015936255
"1260","chrXIV:243530_A/T","YNL216W","YDR389W",0.301888320553555,0.0663367861528494,0.999999999990457,0.859979391098022,0.99800796812749
"1261","chrXIV:243530_A/T","YNL216W","YAL040C",-0.0692775390930442,0.0217639146324204,0.129357988351558,0.70471453666687,0.344621513944223
"1262","chrXIV:243530_A/T","YNL216W","YGL224C",-0.0654701255107813,0.0240849594231524,0.0672681133342553,0.749913334846497,0.0836653386454183
"1263","chrXIV:243530_A/T","YNL216W","YDR074W",0.0701368018182089,0.0320379052234758,0.876205901918225,0.599564015865326,0.661354581673307
"1264","chrXIV:243530_A/T","YNL216W","YCR065W",0.418458897818119,0.139743912148237,0.916483008411806,0.99912691116333,0.270916334661355
"1265","chrXIV:243530_A/T","YNL216W","YNL239W",-0.0957956715059929,0.0341875945884215,0.0188289214318602,0.966005206108093,0.101593625498008
"1266","chrXIV:243530_A/T","YNL216W","YOL002C",-0.11136198444743,0.0277025750242924,0.00237164165018201,0.963081479072571,0.00796812749003984
"1267","chrXIV:243530_A/T","YNL216W","YDR076W",0.155152566604237,0.0348903127831805,0.999999999999974,0.926882028579712,0.99800796812749
"1268","chrXIV:243530_A/T","YNL216W","YLR131C",0.433814071149024,0.133386109779505,0.99999997394514,0.995504319667816,0.99800796812749
"1269","chrXIV:243530_A/T","YNL216W","YDL130W-A",-0.0934101042020754,0.0530022123703716,1,0.994463443756104,0.99800796812749
"1270","chrXIV:243530_A/T","YNL216W","YKL206C",-0.23400985346742,0.0581354203684476,0.999991879967846,0.903905153274536,0.98605577689243
"1271","chrXIV:243530_A/T","YNL216W","YPL010W",-0.226669324861412,0.0647483108689525,0.0326541091428679,0.984077930450439,0.0876494023904383
"1272","chrXIV:243530_A/T","YNL216W","YLR058C",-0.0293170753208836,0.0328195476546775,0.999944672451054,0.960712552070618,0.950199203187251
"1273","chrXIV:243530_A/T","YNL216W","YDL052C",0.181869067900014,0.0435065377247414,1,0.978652358055115,0.99800796812749
"1274","chrXIV:243530_A/T","YNL216W","YLR002C",0.0661398882356392,0.0266581973716383,0.99999995329865,0.85565572977066,0.99800796812749
"1275","chrXIV:243530_A/T","YNL216W","YNL168C",-0.0211250413673742,0.0277114983319736,0.999999873943654,0.997835636138916,0.99800796812749
"1276","chrXIV:243530_A/T","YNL216W","YJL166W",-0.0752446297729567,0.0244809055944592,0.999999999994045,0.999295234680176,0.99800796812749
"1277","chrXIV:243530_A/T","YNL216W","YFR006W",0.17845051892399,0.0466997579072131,0.112303438375217,0.92584890127182,0.356573705179283
"1278","chrXIV:243530_A/T","YNL216W","YNL079C",-0.207439989765819,0.0680557199629076,0.00020257503867891,0.997424423694611,0.00398406374501992
"1279","chrXIV:243530_A/T","YNL216W","YLL024C",0.0484817926183642,0.0172391568106075,0.986138920292767,0.786645531654358,0.98605577689243
"1280","chrXIV:243530_A/T","YNL216W","YJR137C",0.341763314233319,0.106637058598039,1,0.911448895931244,0.99800796812749
"1281","chrXIV:243530_A/T","YNL216W","YGL036W",0.0755586762083647,0.0401202310354957,0.913249272392731,0.628758311271667,0.4800796812749
"1282","chrXIV:243530_A/T","YNL216W","YHR080C",0.334570488413644,0.0814658760302171,0.000159675626517243,0.998589038848877,0.00597609561752988
"1283","chrXIV:243530_A/T","YNL216W","YPR155C",0.126904342143518,0.0323930627559035,0.185791929459417,0.897234916687012,0.0219123505976096
"1284","chrXIV:243530_A/T","YNL216W","YGL107C",0.169872155984702,0.0435170974409466,0.0266884221340243,0.947072327136993,0.049800796812749
"1285","chrXIV:243530_A/T","YNL216W","YOR172W",0.133834239173129,0.030903935177921,0.113049595957388,0.810532093048096,0.310756972111554
"1286","chrXIV:243530_A/T","YNL216W","YBR230W-A",-0.0732224203543957,0.0256430900448464,0.999999999999997,0.998889684677124,0.99800796812749
"1287","chrXIV:243530_A/T","YNL216W","YEL025C",0.277635458199874,0.0575841968219929,9.41811162500052e-05,0.998686790466309,0.00199203187250996
"1288","chrXIV:243530_A/T","YNL216W","YKL113C",0.314768265188572,0.117325664521959,1,0.863011717796326,0.99800796812749
"1289","chrXIV:243530_A/T","YNL216W","YGL253W",-0.118013889480501,0.0187497736818133,0.0634759880423558,0.957210600376129,0.123505976095618
"1290","chrXIV:243530_A/T","YNL216W","YJL011C",-0.143099153191918,0.0362646488528673,0.121492269330666,0.864539980888367,0.111553784860558
"1291","chrXIV:243530_A/T","YNL216W","YOR290C",0.500439675429929,0.157077884009497,0.999965029687418,0.998596608638763,0.99800796812749
"1292","chrXIV:243530_A/T","YNL216W","YDR470C",0.103236999708913,0.0194284237701577,0.0914378854725125,0.900511503219604,0.0318725099601594
"1293","chrXIV:243530_A/T","YNL216W","YKL128C",-0.243854208863086,0.0676805605891636,8.64153955950952e-06,0.999188661575317,0.00597609561752988
"1294","chrXIV:243530_A/T","YNL216W","YNL008C",0.092079100289613,0.0168575899182452,0.188839935396123,0.735598981380463,0.472111553784861
"1295","chrXIV:243530_A/T","YNL216W","YDR406W",0.135816689136625,0.0197871570035112,0.0091888800480843,0.966219902038574,0.0458167330677291
"1296","chrXIV:243530_A/T","YNL216W","YKL043W",0.110212213717885,0.0241415973907526,0.999999999974658,0.929750561714172,0.99800796812749
"1297","chrXIV:243530_A/T","YNL216W","YER100W",0.0119991928159088,0.0409790414611146,0.982886478062625,0.964176535606384,0.99800796812749
"1298","chrXIV:243530_A/T","YNL216W","YLR006C",0.107845009400494,0.0349206295462857,0.654978121007509,0.764649748802185,0.0577689243027888
"1299","chrXIV:243530_A/T","YNL216W","YPL270W",0.26120259986081,0.0551774537825106,2.15863619199275e-07,0.999339699745178,0.00199203187250996
"1300","chrXIV:243530_A/T","YNL216W","YOR201C",0.12009122259317,0.0295075811949333,0.0263168229759387,0.930020570755005,0.153386454183267
"1301","chrXIV:243530_A/T","YNL216W","YOR375C",-0.0105620286112234,0.0240634437140358,0.999958194231323,0.979432463645935,0.99402390438247
"1302","chrXIV:243530_A/T","YNL216W","YLR103C",0.40628526820838,0.122591800307034,1,0.974057197570801,0.99800796812749
"1303","chrXIV:243530_A/T","YNL216W","YBR044C",0.000656910949924124,0.00683463874435973,0.965483804565952,0.624918282032013,0.822709163346614
"1304","chrXIV:243530_A/T","YNL216W","YBR001C",0.108515084736094,0.0226959352598113,0.673572826809791,0.499690145254135,0.352589641434263
"1305","chrXIV:243530_A/T","YNL216W","YGL194C",0.227115431967896,0.0398650313159612,0.00120828381587733,0.991879820823669,0.0119521912350598
"1306","chrXIV:243530_A/T","YNL216W","YEL041W",0.0303885196923869,0.00951742437347042,0.808700968844224,0.367446154356003,0.583665338645418
"1307","chrXIV:243530_A/T","YNL216W","YNL059C",0.258579494705954,0.0628106718653988,0.999992986362396,0.869325041770935,0.99800796812749
"1308","chrXIV:243530_A/T","YNL216W","YGL122C",0.303842149266928,0.0628364506098344,0.999999999999533,0.809248805046082,0.99800796812749
"1309","chrXIV:243530_A/T","YNL216W","YAL022C",0.0985596830580944,0.0247793337176614,0.0803743778222634,0.926784694194794,0.0139442231075697
"1310","chrXIV:243530_A/T","YNL216W","YNL141W",0.0481630338654806,0.0308169640189074,0.999999996430615,0.967228472232819,0.99800796812749
"1311","chrXIV:243530_A/T","YNL216W","YER098W",0.0542124569521983,0.0220949005966071,0.9081010134827,0.507485210895538,0.468127490039841
"1312","chrXIV:243530_A/T","YNL216W","YNL193W",-0.0101268860370479,0.0303873568378448,0.997378530801815,0.767198860645294,0.938247011952191
"1313","chrXIV:243530_A/T","YNL216W","YNR061C",-0.115780193106139,0.0455039623294203,0.0349373063687289,0.956396341323853,0.123505976095618
"1314","chrXIV:243530_A/T","YNL216W","YOR278W",0.085013680714417,0.0167979075502891,0.832650642269076,0.559567630290985,0.675298804780876
"1315","chrXIV:243530_A/T","YNL216W","YHR207C",0.0101829244070292,0.0215591630505987,0.998857904535346,0.995634913444519,0.99601593625498
"1316","chrXIV:243530_A/T","YNL216W","YOR152C",0.122661589158094,0.0276714292268666,0.565526964281195,0.778848826885223,0.0418326693227092
"1317","chrXIV:243530_A/T","YNL216W","YKL112W",0.593437376594739,0.280068815830137,1,0.966033816337585,0.99800796812749
"1318","chrXIV:243530_A/T","YNL216W","YER141W",0.123241470505645,0.0252239185594118,0.190954619648914,0.830138444900513,0.288844621513944
"1319","chrXIV:243530_A/T","YNL216W","YHR057C",0.00105535070739701,0.020607821844989,0.944123063973368,0.856678366661072,0.822709163346614
"1320","chrXIV:243530_A/T","YNL216W","YOR287C",-0.0365247212053464,0.0257924370926987,0.99109755619962,0.967933893203735,0.98804780876494
"1321","chrXIV:243530_A/T","YNL216W","YDR482C",-0.00769185676689889,0.0275721623407839,0.684300970796164,0.63059538602829,0.856573705179283
"1322","chrXIV:243530_A/T","YNL216W","YDR416W",0.175642996587923,0.0321337608832517,0.0120269950414674,0.972299337387085,0.0677290836653386
"1323","chrXIV:243530_A/T","YNL216W","YER095W",0.249974733526262,0.0617502236093594,6.26020348858213e-12,0.999465703964233,0.00199203187250996
"1324","chrXIV:243530_A/T","YNL216W","YNL238W",0.563349009527021,0.224154380620622,5.7181016464314e-35,0.999969005584717,0.00199203187250996
"1325","chrXIV:243530_A/T","YNL216W","YNL125C",0.266640868947637,0.0670648656281412,0.233627195354966,0.972265124320984,0.643426294820717
"1326","chrXIV:243530_A/T","YNL216W","YNL061W",0.0690027310947988,0.0215048698852302,1,0.991293787956238,0.99800796812749
"1327","chrXIV:243530_A/T","YNL216W","YMR102C",0.137634867944481,0.0245927324415959,0.0918116428041515,0.858707129955292,0.280876494023904
"1328","chrXIV:243530_A/T","YNL216W","YMR216C",0.383605879920911,0.117098714602732,0.999999682753244,0.980002522468567,0.99800796812749
"1329","chrXIV:243530_A/T","YNL216W","YKL078W",0.049997063195755,0.0404898125208635,0.999930202340759,0.857495248317719,0.99800796812749
"1330","chrXIV:243530_A/T","YNL216W","YDL076C",0.0616786898108685,0.0234355221287656,0.892047230774688,0.540301263332367,0.460159362549801
"1331","chrXIV:243530_A/T","YNL216W","YEL061C",0.466888669693441,0.168779608293629,1,0.940977036952972,0.99800796812749
"1332","chrXIV:243530_A/T","YNL216W","YNR052C",0.124038072144376,0.0258810424936007,0.0133392429052925,0.963407039642334,0.161354581673307
"1333","chrXIV:243530_A/T","YNL216W","YOL126C",0.139412604184911,0.032614474488954,0.0346728160348129,0.960052609443665,0.0577689243027888
"1334","chrXIV:243530_A/T","YNL216W","YIL162W",-0.065762474445085,0.0309541692818563,0.0492268574321773,0.785980224609375,0.205179282868526
"1335","chrXIV:243530_A/T","YNL216W","YJR065C",0.0967482774829736,0.0231449088445665,0.723773141480009,0.531491875648499,0.294820717131474
"1336","chrXIV:243530_A/T","YNL216W","YBR238C",0.119812813782308,0.0409596708004561,0.999999991881851,0.813028156757355,0.99800796812749
"1337","chrXIV:243530_A/T","YNL216W","YNL088W",0.431966935323952,0.148734299867062,1,0.973763644695282,0.99800796812749
"1338","chrXIV:243530_A/T","YNL216W","YOL016C",-0.0421429151412469,0.0314818278270874,0.999801569385975,0.920001983642578,0.99800796812749
"1339","chrXIV:243530_A/T","YNL216W","YJL110C",0.28232625184711,0.0733790790712604,0.000606131988108507,0.998970746994019,0.00597609561752988
"1340","chrXIV:243530_A/T","YNL216W","YER033C",0.160314823562555,0.0251757010769406,0.00593716485692829,0.991707026958466,0.0119521912350598
"1341","chrXIV:243530_A/T","YNL216W","YMR064W",0.268314830000021,0.0555941558058394,0.94455315233972,0.963855445384979,0.97410358565737
"1342","chrXIV:243530_A/T","YNL216W","YGR193C",0.0566105402639567,0.0415230424668946,0.888051272877433,0.49555292725563,0.113545816733068
"1343","chrXIV:243530_A/T","YNL216W","YIL017C",0.0463019231824403,0.0223300086251053,0.997543803124945,0.910025835037231,0.914342629482072
"1344","chrXIV:243530_A/T","YNL216W","YDL222C",0.0390306783793189,0.0179850382974549,0.76235562431781,0.611885607242584,0.653386454183267
"1345","chrXIV:243530_A/T","YNL216W","YDL072C",-0.192196163749814,0.063933973104283,1,0.851015448570251,0.99800796812749
"1346","chrXIV:243530_A/T","YNL216W","YBL039C",0.0829942153234769,0.0347782046052553,1,0.944726467132568,0.99800796812749
"1347","chrXIV:243530_A/T","YNL216W","YML085C",0.450344382992248,0.170600002090412,1,0.992650389671326,0.99800796812749
"1348","chrXIV:243530_A/T","YNL216W","YLR292C",-0.263081830388689,0.085888613801037,0.00146682493825045,0.99544221162796,0.00398406374501992
"1349","chrXIV:243530_A/T","YNL216W","YLL007C",0.0682324929619454,0.0297733219666183,0.56644774054963,0.462334483861923,0.0776892430278884
"1350","chrXIV:243530_A/T","YNL216W","YJL068C",0.00531100178045711,0.0336431353410387,0.999999987015452,0.997260451316833,0.99601593625498
"1351","chrXIV:243530_A/T","YNL216W","YNL007C",-0.0183296066466509,0.0315319891185875,0.998780421893667,0.782571852207184,0.99203187250996
"1352","chrXIV:243530_A/T","YNL216W","YPL180W",0.147560710540133,0.0381503502585622,0.952062581950544,0.814610123634338,0.97410358565737
"1353","chrXIV:243530_A/T","YNL216W","YOR377W",0.127824645010531,0.0229078321779346,0.0254364139699418,0.931230902671814,0.00796812749003984
"1354","chrXIV:243530_A/T","YNL216W","YFL048C",0.00766820255411544,0.017786050437384,0.971158878615,0.842085897922516,0.950199203187251
"1355","chrXIV:243530_A/T","YNL216W","YBL102W",0.0859952089740865,0.0200782494385416,0.992612417622251,0.922694206237793,0.98605577689243
"1356","chrXIV:243530_A/T","YNL216W","YLR437C",0.0896921783391484,0.0158102717071222,1,0.993873476982117,0.99800796812749
"1357","chrXIV:243530_A/T","YNL216W","YML128C",0.0608623936954148,0.0114222933900675,0.651588215488867,0.635514855384827,0.414342629482072
"1358","chrXIV:243530_A/T","YNL216W","YOL122C",0.0602349723587845,0.0250546553416625,0.684313756071514,0.605308890342712,0.607569721115538
"1359","chrXIV:243530_A/T","YNL216W","YNR018W",0.17155307552063,0.0284319180509006,1.86149441114373e-05,0.998228669166565,0.00398406374501992
"1360","chrXIV:243530_A/T","YNL216W","YMR304W",0.130804033785441,0.0296589977029739,0.0377039253021778,0.917547941207886,0.0637450199203187
"1361","chrXIV:243530_A/T","YNL216W","YHR082C",0.362709391740197,0.0984174496873557,1.41915686210081e-07,0.99956202507019,0.00199203187250996
"1362","chrXIV:243530_A/T","YNL216W","YDR334W",0.493826812005035,0.162842202257241,0.999999999999999,0.99313759803772,0.99800796812749
"1363","chrXIV:243530_A/T","YNL216W","YNL063W",-0.0826534696150985,0.0379053625999434,0.99999999835066,0.876654863357544,0.99800796812749
"1364","chrXIV:243530_A/T","YNL216W","YKR010C",0.3716291950784,0.0977665966876635,0.999999999614683,0.95544159412384,0.99800796812749
"1365","chrXIV:243530_A/T","YNL216W","YJL034W",-0.0600866096164413,0.0341269341311953,0.101015516787299,0.632772028446198,0.276892430278884
"1366","chrXIV:243530_A/T","YNL216W","YBL063W",0.432996536168779,0.131893347961072,1,0.954736590385437,0.99800796812749
"1367","chrXIV:243530_A/T","YNL216W","YOL080C",-0.0499577437113631,0.0151895793169837,0.974826772064485,0.776001453399658,0.906374501992032
"1368","chrXIV:243530_A/T","YNL216W","YOL139C",-0.0754016066779582,0.0193613679042034,0.938052444387159,0.568129777908325,0.328685258964143
"1369","chrXIV:243530_A/T","YNL216W","YDR371W",0.0459643151596538,0.0301792252069309,0.743160337966471,0.414702206850052,0.529880478087649
"1370","chrXIV:243530_A/T","YNL216W","YOR070C",0.105175163150678,0.0230400406504226,0.263784991141432,0.872346878051758,0.00398406374501992
"1371","chrXIV:243530_A/T","YNL216W","YGR141W",-0.020534010236705,0.0378271406548169,0.99982491813822,0.879366278648376,0.99203187250996
"1372","chrXIV:243530_A/T","YNL216W","YIL152W",0.0830495590029213,0.0189128072021373,0.995599982840972,0.58658367395401,0.300796812749004
"1373","chrXIV:243530_A/T","YNL216W","YNL173C",0.102050873507934,0.0185415168019926,0.687124972033141,0.635795593261719,0.151394422310757
"1374","chrXIV:243530_A/T","YNL216W","YDL110C",-0.0643435806015216,0.0352113460143928,0.999999999775404,0.985610365867615,0.99800796812749
"1375","chrXIV:243530_A/T","YNL216W","YDL149W",0.129483948092584,0.0252559664762252,0.169696643560909,0.900829493999481,0.0159362549800797
"1376","chrXIV:243530_A/T","YNL216W","YCR086W",0.0355368828399662,0.0169342683175812,0.827358329769625,0.5357985496521,0.573705179282869
"1377","chrXIV:243530_A/T","YNL216W","YGL087C",-0.0932763646955351,0.0405407487023275,0.999999999998708,0.980274498462677,0.99800796812749
"1378","chrXIV:243530_A/T","YNL216W","YJL187C",0.402800654162291,0.160537493742969,1,0.930082023143768,0.99800796812749
"1379","chrXIV:243530_A/T","YNL216W","YGL173C",0.372962908283957,0.0999682358017749,0.999975647058565,0.971994638442993,0.99800796812749
"1380","chrXIV:243530_A/T","YNL216W","YOR220W",-0.190821649053386,0.0443900217536426,1,0.87221896648407,0.99800796812749
"1381","chrXIV:243530_A/T","YNL216W","YOR264W",0.254274983731795,0.0492880910476691,0.000327266885599305,0.995175957679749,0.00398406374501992
"1382","chrXIV:243530_A/T","YNL216W","YDL109C",0.230074454731898,0.0543766550462083,0.651565427743837,0.97038871049881,0.525896414342629
"1383","chrXIV:243530_A/T","YNL216W","YOL081W",0.321063018238417,0.0621470643770281,0.0228047301970872,0.994999289512634,0.252988047808765
"1384","chrXIV:243530_A/T","YNL216W","YDL176W",0.312613763535423,0.0652344003455639,0.416956532767552,0.986599922180176,0.798804780876494
"1385","chrXIV:243530_A/T","YNL216W","YNL058C",0.172715698025109,0.03172509434438,0.000631706740945935,0.992944598197937,0.00199203187250996
"1386","chrXIV:243530_A/T","YNL216W","YNL200C",-0.136459775744864,0.0416349545499271,7.00975237608333e-05,0.989733994007111,0.0258964143426295
"1387","chrXIV:243530_A/T","YNL216W","YOR236W",0.000470838089599634,0.0335349723012987,0.986234884585686,0.938248872756958,0.99402390438247
"1388","chrXIV:243530_A/T","YNL216W","YKL163W",-0.0695717868481489,0.0160101049660509,0.999999993680868,0.950600564479828,0.99800796812749
"1389","chrXIV:243530_A/T","YNL216W","YHR097C",0.0569033060125825,0.0273769815411764,0.975164259432016,0.858473658561707,0.912350597609562
"1390","chrXIV:243530_A/T","YNL216W","YNL218W",0.12728622510986,0.0305250391525249,0.122312991718921,0.809082865715027,0.264940239043825
"1391","chrXIV:243530_A/T","YNL216W","YHR155W",0.284306559848117,0.0483000630120315,0.0516063068676742,0.98862087726593,0.338645418326693
"1392","chrXIV:243530_A/T","YNL216W","YGL171W",0.0700299121009221,0.0330784816192519,1,0.971268713474274,0.99800796812749
"1393","chrXIV:243530_A/T","YNL216W","YOR167C",-0.171456328285183,0.0552032500624388,0.915460418929167,0.761601090431213,0.99800796812749
"1394","chrXIV:243530_A/T","YNL216W","YMR196W",0.102927862419966,0.0179547957334242,0.73141785785656,0.63533616065979,0.125498007968127
"1395","chrXIV:243530_A/T","YNL216W","YPR191W",0.0760208306662523,0.0243073467128407,0.972983492142331,0.598085761070251,0.607569721115538
"1396","chrXIV:243530_A/T","YNL216W","YIR038C",0.0744667616223724,0.0114981662106837,0.749536225993744,0.499564409255981,0.52390438247012
"1397","chrXIV:243530_A/T","YNL216W","YBR237W",0.295485589437916,0.0629683715762014,1.57002227454748e-05,0.998990178108215,0.00199203187250996
"1398","chrXIV:243530_A/T","YNL216W","YPR020W",-0.141400611672702,0.0269722394384304,0.999999999999978,0.859185695648193,0.99800796812749
"1399","chrXIV:243530_A/T","YNL216W","YNL259C",-0.222360008944372,0.0703576117744439,0.00508935459283379,0.992073833942413,0.0278884462151394
"1400","chrXIV:243530_A/T","YNL216W","YGL206C",0.234539369751041,0.0422962335332235,0.655374159444392,0.930452883243561,0.743027888446215
"1401","chrXIV:243530_A/T","YNL216W","YJR092W",0.531234948009881,0.187795018519284,1,0.987085461616516,0.99800796812749
"1402","chrXIV:243530_A/T","YNL216W","YPR184W",0.10625081039993,0.0505554650295642,0.715691575217063,0.625657916069031,0.235059760956175
"1403","chrXIV:243530_A/T","YNL216W","YER007C-A",-0.225345071025334,0.0400825125011731,0.036177531624065,0.97456157207489,0.318725099601594
"1404","chrXIV:243530_A/T","YNL216W","YPL016W",0.375104129769674,0.0865218481141589,0.999999999229146,0.899718284606934,0.99800796812749
"1405","chrXIV:243530_A/T","YNL216W","YPR042C",0.196415621445898,0.0385978196903382,0.234694307262275,0.905435979366302,0.607569721115538
"1406","chrXIV:243530_A/T","YNL216W","YGR232W",0.00445910277498419,0.0311389016792973,0.999277747189949,0.996015429496765,0.99800796812749
"1407","chrXIV:243530_A/T","YNL216W","YBR147W",0.103241121539432,0.0254872831267829,0.606232268960907,0.69067245721817,0.101593625498008
"1408","chrXIV:243530_A/T","YNL216W","YML109W",0.444329520759744,0.147433017292535,1,0.904681444168091,0.99800796812749
"1409","chrXIV:243530_A/T","YNL216W","YNL219C",0.289533978778802,0.058862125649151,6.09617893342445e-08,0.999510049819946,0.00199203187250996
"1410","chrXIV:243530_A/T","YNL216W","YDR134C",0.207225515640708,0.0636388156639407,0.6278849141955,0.967004418373108,0.663346613545817
"1411","chrXIV:243530_A/T","YNL216W","YBR038W",0.490521127084915,0.154277114959925,0.999975329305144,0.998871803283691,0.99800796812749
"1412","chrXIV:243530_A/T","YNL216W","YOR086C",0.280015572183076,0.0566592912345028,5.58640589917221e-07,0.999358296394348,0.00199203187250996
"1413","chrXIV:243530_A/T","YNL216W","YLR023C",0.174365472268631,0.0377228410568143,0.0288375359222167,0.931072950363159,0.0537848605577689
"1414","chrXIV:243530_A/T","YNL216W","YDL223C",0.119935750850999,0.0348567503282044,0.155182228991669,0.93906307220459,0.0597609561752988
"1415","chrXIV:243530_A/T","YNL216W","YBL054W",0.0472899699549816,0.0297670071471025,0.999999972771936,0.975216150283813,0.99800796812749
"1416","chrXIV:243530_A/T","YNL216W","YOR073W",0.414714457933032,0.112751249436145,0.999999999999983,0.984151005744934,0.99800796812749
"1417","chrXIV:243530_A/T","YNL216W","YDR293C",0.171603035348413,0.0377752197909836,0.00069373928129465,0.992720484733582,0.00597609561752988
"1418","chrXIV:243530_A/T","YNL216W","YPL003W",0.0373616264733967,0.0199431433549485,0.978531637819045,0.916153013706207,0.930278884462151
"1419","chrXIV:243530_A/T","YNL216W","YOL025W",0.0817300869533725,0.0166354165972433,0.638017059040326,0.494079440832138,0.199203187250996
"1420","chrXIV:243530_A/T","YNL216W","YGL198W",-0.0841114976922438,0.024519755042539,0.999999999988969,0.994743466377258,0.99800796812749
"1421","chrXIV:243530_A/T","YNL216W","YIL023C",-0.0714034889651245,0.0239369103211457,0.999992371972486,0.959688127040863,0.99800796812749
"1422","chrXIV:243530_A/T","YNL216W","YJR006W",0.253388674388391,0.0537424162107407,0.999011728696616,0.931545376777649,0.97609561752988
"1423","chrXIV:243530_A/T","YNL216W","YNL042W",0.121990830710134,0.0349651965280181,0.0238806219111808,0.969323635101318,0.00398406374501992
"1424","chrXIV:243530_A/T","YNL216W","YLR035C",0.167705555138034,0.0427564191141314,0.0428556404450677,0.928138852119446,0.141434262948207
"1425","chrXIV:243530_A/T","YNL216W","YGR245C",0.131924916966824,0.0396858314802954,0.999999999999575,0.917052984237671,0.99800796812749
"1426","chrXIV:243530_A/T","YNL216W","YJL194W",0.257388470936689,0.0556636950601856,0.99941211997987,0.893721222877502,0.98605577689243
"1427","chrXIV:243530_A/T","YNL216W","YBL005W",0.265423562719724,0.0470205721934177,0.999861340675168,0.855215072631836,0.99800796812749
"1428","chrXIV:243530_A/T","YNL216W","YBL037W",0.270422995794355,0.0500681399500177,0.79866991204431,0.94042432308197,0.946215139442231
"1429","chrXIV:243530_A/T","YNL216W","YPR153W",0.179985067163781,0.045942163546179,0.745876144064648,0.877873420715332,0.52191235059761
"1430","chrXIV:243530_A/T","YNL216W","YJR088C",-0.0701914044944139,0.0258843223838948,0.999227595906309,0.855507254600525,0.99601593625498
"1431","chrXIV:243530_A/T","YNL216W","YNL322C",0.137690211623926,0.0316072571213153,0.0730063416740709,0.871589124202728,0.4800796812749
"1432","chrXIV:243530_A/T","YNL216W","YPL094C",-0.129536501431705,0.0373133904928763,0.000235978237682195,0.983881115913391,0.0099601593625498
"1433","chrXIV:243530_A/T","YNL216W","YJL163C",0.0927129359355345,0.0222595423937949,0.924810507016144,0.503207921981812,0.191235059760956
"1434","chrXIV:243530_A/T","YNL216W","YOL078W",0.303749593331054,0.0743988006585982,6.48942142691009e-06,0.998937249183655,0.00199203187250996
"1435","chrXIV:243530_A/T","YNL216W","YMR171C",0.115908571917369,0.0565034325784582,0.35107283096119,0.848596155643463,0.173306772908367
"1436","chrXIV:243530_A/T","YNL216W","YCL039W",0.112782290828419,0.03081014778103,0.96396340162875,0.673015534877777,0.103585657370518
"1437","chrXIV:243530_A/T","YNL216W","YBL045C",0.170293011090167,0.0446935266600951,0.000759464095200092,0.987753331661224,0.00597609561752988
"1438","chrXIV:243530_A/T","YNL216W","YDR125C",0.0739608300824807,0.0254539977429604,0.110085416430253,0.737626135349274,0.121513944223108
"1439","chrXIV:243530_A/T","YNL216W","YOL026C",0.0921501902878951,0.0192024292558615,0.0777623032220895,0.849812865257263,0.0637450199203187
"1440","chrXIV:243530_A/T","YNL216W","YNL016W",0.390956064725383,0.12006193519496,1,0.862924456596375,0.99800796812749
"1441","chrXIV:243530_A/T","YNL216W","YNL256W",0.114698942019889,0.0293636708361725,1,0.908046841621399,0.99800796812749
"1442","chrXIV:243530_A/T","YNL216W","YFR041C",-0.0762287631221398,0.0267795645813336,0.0623048834708251,0.808598399162292,0.0657370517928287
"1443","chrXIV:243530_A/T","YNL216W","YCR079W",0.114803134022257,0.0235058411755992,0.169898819912477,0.91351044178009,0.0199203187250996
"1444","chrXIV:243530_A/T","YNL216W","YDR513W",-0.111310519456817,0.0255833453460433,0.999999999999999,0.995354175567627,0.99800796812749
"1445","chrXIV:243530_A/T","YNL216W","YIL136W",0.0528805152075111,0.0212433538134113,0.88773896543735,0.710552513599396,0.705179282868526
"1446","chrXIV:243530_A/T","YNL216W","YNL055C",0.0948205228210878,0.0214382523136158,0.498870755428364,0.648554682731628,0.0916334661354582
"1447","chrXIV:243530_A/T","YNL216W","YNL220W",-0.0974518947933326,0.0361328538115654,0.999991808932966,0.991605043411255,0.99402390438247
"1448","chrXIV:243530_A/T","YNL216W","YBL015W",0.0613312634951597,0.025656576942476,0.972838819401969,0.848306179046631,0.904382470119522
"1449","chrXIV:243530_A/T","YNL216W","YMR231W",0.410438626099873,0.113961554764164,0.0558030563447699,0.999555468559265,0.0378486055776892
"1450","chrXIV:243530_A/T","YNL216W","YHR160C",-0.0650403204755648,0.0196251315497656,0.999998297888303,0.920545697212219,0.99800796812749
"1451","chrXIV:243530_A/T","YNL216W","YHR170W",0.0544443099189084,0.0347176758243474,0.999999999994052,0.940752863883972,0.99800796812749
"1452","chrXIV:243530_A/T","YNL216W","YLR384C",0.316063608320137,0.0960631595878237,0.999999999999925,0.927183866500854,0.99800796812749
"1453","chrXIV:243530_A/T","YNL216W","YML054C",-0.0976794638350648,0.0373054409953665,0.999999999999945,0.987607538700104,0.99800796812749
"1454","chrXIV:243530_A/T","YNL216W","YOR361C",0.158920510185825,0.0606641740408267,1,0.863526463508606,0.99800796812749
"1455","chrXIV:243530_A/T","YNL216W","YCR023C",0.374471532988544,0.115778779987526,0.00721066039207813,0.999550461769104,0.00199203187250996
"1456","chrXIV:243530_A/T","YNL216W","YBR016W",0.173094049647889,0.041436096114297,0.0492930852376797,0.963333010673523,0.051792828685259
"1457","chrXIV:243530_A/T","YNL216W","YMR139W",-0.0186092890568306,0.0255872578596432,0.999378472002276,0.844334542751312,0.98804780876494
"1458","chrXIV:243530_A/T","YNL216W","YFR028C",0.410865038729634,0.146515282618655,0.803677186271545,0.999566555023193,0.137450199203187
"1459","chrXIV:243530_A/T","YNL216W","YDR077W",0.120255644265093,0.0171234746063307,0.0198889036173333,0.965730905532837,0.0179282868525896
"1460","chrXIV:243530_A/T","YNL216W","YBR104W",-0.0975467895206812,0.0381397618250399,0.701136544783593,0.498985081911087,0.48605577689243
"1461","chrXIV:243530_A/T","YNL216W","YCR089W",0.248818664269182,0.0636579057002679,0.000221726605381113,0.996400475502014,0.00398406374501992
"1462","chrXIV:243530_A/T","YNL216W","YPL116W",0.365691860309821,0.0873956458800219,1.65994926557316e-07,0.999572038650513,0.00199203187250996
"1463","chrXIV:243530_A/T","YNL216W","YBR236C",-0.134006603473524,0.0270403497589234,0.0407356302045635,0.900501847267151,0.298804780876494
"1464","chrXIV:243530_A/T","YNL216W","YOR094W",0.0129062155154894,0.0200694140650633,0.837349125821913,0.403714001178741,0.591633466135458
"1465","chrXIV:243530_A/T","YNL216W","YAL053W",0.15075215360145,0.0444824630152706,0.144063304553807,0.91799533367157,0.0219123505976096
"1466","chrXIV:243530_A/T","YNL216W","YHR124W",0.0243550860661948,0.0371015636716836,0.985687553342554,0.707985043525696,0.822709163346614
"1467","chrXIV:243530_A/T","YNL216W","YBR041W",0.0504866695080281,0.0251791689166499,0.917709092132597,0.47979861497879,0.669322709163347
"1468","chrXIV:243530_A/T","YNL216W","YOR014W",0.165441604990787,0.0383946970789734,0.027612572737672,0.949610114097595,0.0956175298804781
"1469","chrXIV:243530_A/T","YNL216W","YHR135C",0.265319000215736,0.0522243880284162,0.999914993474444,0.934117197990417,0.99800796812749
"1470","chrXIV:243530_A/T","YNL216W","YKR080W",-0.107016533044293,0.0238276388895695,0.169229563716105,0.862350940704346,0.0756972111553785
"1471","chrXIV:243530_A/T","YNL216W","YLR248W",0.0676659959854065,0.0258418509938732,0.930608968089205,0.578839123249054,0.153386454183267
"1472","chrXIV:243530_A/T","YNL216W","YGL126W",-0.122569612131001,0.0284958566979278,0.00028398199300072,0.988805890083313,0.00796812749003984
"1473","chrXIV:243530_A/T","YNL216W","YPR058W",-0.0881411196209287,0.0236734032684076,0.835475827316216,0.623859584331512,0.143426294820717
"1474","chrXIV:243530_A/T","YNL216W","YNL267W",0.346695177075055,0.0995883524655784,1,0.88165271282196,0.99800796812749
"1475","chrXIV:243530_A/T","YNL216W","YPR115W",0.135893892411632,0.0316212571982152,0.00698978438332547,0.985903263092041,0.00796812749003984
"1476","chrXIV:243530_A/T","YNL216W","YPL255W",0.31104451550331,0.092032103426408,0.999999999999941,0.880211353302002,0.99800796812749
"1477","chrXIV:243530_A/T","YNL216W","YNR045W",0.12879621603917,0.0388696789327686,0.151748583898813,0.923216700553894,0.00597609561752988
"1478","chrXIV:243530_A/T","YNL216W","YDR481C",0.119856417191678,0.0324005341794389,0.94257149007625,0.636005938053131,0.695219123505976
"1479","chrXIV:243530_A/T","YNL216W","YJL073W",-0.00133370162738089,0.0275315213325298,0.868768998552204,0.947237610816956,0.99003984063745
"1480","chrXIV:243530_A/T","YNL216W","YAL025C",0.0371204762316669,0.0307578631658604,0.999999999999997,0.998010158538818,0.99800796812749
"1481","chrXIV:243530_A/T","YNL216W","YNL038W",-0.130594862464762,0.0151478841772752,0.0175151587399841,0.961932063102722,0.0597609561752988
"1482","chrXIV:243530_A/T","YNL216W","YDR425W",0.108417920686325,0.063484469730999,0.772576991376752,0.769050478935242,0.047808764940239
"1483","chrXIV:243530_A/T","YNL216W","YPL092W",0.162441398656119,0.0266532749570675,0.103462599577304,0.909898996353149,0.0298804780876494
"1484","chrXIV:243530_A/T","YNL216W","YNL080C",0.423603995920175,0.122046049522595,0.986751286256282,0.998576104640961,0.830677290836653
"1485","chrXIV:243530_A/T","YNL216W","YIL096C",-0.0242334573313489,0.0269606410906059,0.976724473624724,0.887132942676544,0.948207171314741
"1486","chrXIV:243530_A/T","YNL216W","YDR159W",0.436597290894472,0.131168182999488,0.999996219902685,0.99671071767807,0.99800796812749
"1487","chrXIV:243530_A/T","YNL216W","YMR122W-A",-0.0282523810257645,0.0238314391685613,0.999999999997403,0.999224781990051,0.99800796812749
"1488","chrXIV:243530_A/T","YNL216W","YGL219C",0.0632743823960879,0.024087287551259,0.572551685812549,0.730037450790405,0.0936254980079681
"1489","chrXIV:243530_A/T","YNL216W","YMR264W",-0.307806643957773,0.0799428273721859,0.999996216144899,0.94579154253006,0.99800796812749
"1490","chrXIV:243530_A/T","YNL216W","YGL050W",0.0227924028596565,0.028924882670761,0.999867714379831,0.979691743850708,0.99800796812749
"1491","chrXIV:243530_A/T","YNL216W","YJL098W",0.182467949033751,0.0453512406146998,1,0.838804960250854,0.99800796812749
"1492","chrXIV:243530_A/T","YNL216W","YMR253C",0.0656426982183376,0.0121061732885013,0.620620233901712,0.557629823684692,0.151394422310757
"1493","chrXIV:243530_A/T","YNL216W","YHR029C",-0.022724369499737,0.00667499127650985,0.79723152214261,0.460942208766937,0.653386454183267
"1494","chrXIV:243530_A/T","YNL216W","YDL077C",0.123138528946244,0.0321699098428878,0.013767500991122,0.958559036254883,0.139442231075697
"1495","chrXIV:215462_T/C","YNL199C","YCR087C-A",0.348732797045361,0.114200422170733,0.0155953471229059,0.919298410415649,0.0298804780876494
"1496","chrXIV:215462_T/C","YNL199C","YGR217W",0.0936369206623925,0.0273969198854991,0.998823231039267,0.837692022323608,0.98406374501992
"1497","chrXIV:215462_T/C","YNL199C","YPL116W",0.14798309396478,0.0422041632146278,1,0.98733001947403,0.99800796812749
"1498","chrXIV:215462_T/C","YNL199C","YHR097C",0.089753971062411,0.0252291519668384,0.999999968761526,0.939938426017761,0.99800796812749
"1499","chrXIV:215462_T/C","YNL199C","YGL253W",0.141588490728423,0.0296058072590526,0.000837230299632202,0.984716415405273,0.0159362549800797
"1500","chrXIV:215462_T/C","YNL199C","YPL283C",0.119615261507092,0.0227760800163596,0.999741580067539,0.898183107376099,0.98605577689243
"1501","chrXIV:215462_T/C","YNL199C","YCR004C",-0.165752270598915,0.0293071385759486,0.000895809831006322,0.98858642578125,0.0159362549800797
"1502","chrXIV:215462_T/C","YNL199C","YMR184W",0.0701217965026106,0.0285877071707669,0.193266690650289,0.845936119556427,0.330677290836653
"1503","chrXIV:215462_T/C","YNL199C","YGR199W",0.107360416438263,0.0166192610602482,0.999688719248352,0.922775149345398,0.99601593625498
"1504","chrXIV:215462_T/C","YNL199C","YPL016W",0.137145921588218,0.0502682659877892,0.999999998751649,0.853997707366943,0.99800796812749
"1505","chrXIV:215462_T/C","YNL199C","YAL040C",0.186816121308158,0.0655025914001641,0.00349265257699898,0.984601974487305,0.0597609561752988
"1506","chrXIV:266760_C/T","YNL068C","YMR013C",-0.273549797901208,0.0717993620169699,0.000185404630537255,0.999469339847565,0.00199203187250996
"1507","chrXIV:266760_C/T","YNL068C","YDR216W",-0.0534755755432946,0.0258924200154858,0.964960216899913,0.832258224487305,0.954183266932271
"1508","chrXIV:266760_C/T","YNL068C","YNL204C",0.326946502912206,0.064641922304974,0.0449945193464765,0.99980354309082,0.0159362549800797
"1509","chrXIV:266760_C/T","YNL068C","YOL140W",0.144723721747124,0.0324069704387326,0.221493482211452,0.761494278907776,0.0697211155378486
"1510","chrXIV:266760_C/T","YNL068C","YDR089W",0.0367252552070153,0.0146281898951436,0.118658974368242,0.663942515850067,0.314741035856574
"1511","chrXIV:266760_C/T","YNL068C","YKL004W",0.498092999217906,0.17757036888798,0.0358210974235472,0.928068399429321,0.147410358565737
"1512","chrXIV:266760_C/T","YNL068C","YCR005C",-0.168314011423005,0.0190305973962088,0.999999999586108,0.998656153678894,0.99800796812749
"1513","chrXIV:266760_C/T","YNL068C","YIR010W",0.430334088373181,0.140513136479202,0.0013914323479884,0.996107697486877,0.0856573705179283
"1514","chrXIV:266760_C/T","YNL068C","YAL025C",0.0773047692948357,0.0721362297966449,0.999999999999975,0.998902380466461,0.99800796812749
"1515","chrXIV:266760_C/T","YNL068C","YJR109C",0.167583324338056,0.0202758952774594,0.193370161814936,0.805455207824707,0.5199203187251
"1516","chrXIV:266760_C/T","YNL068C","YDR427W",-0.376024490527565,0.111490605877971,0.0172018941206905,0.941540837287903,0.0458167330677291
"1517","chrXIV:266760_C/T","YNL068C","YDR021W",0.155170825387183,0.0375675182734551,1,0.973480045795441,0.99601593625498
"1518","chrXIV:266760_C/T","YNL068C","YGR121C",-0.155202653791952,0.0307394797326083,0.999998454693448,0.934148669242859,0.99402390438247
"1519","chrXIV:266760_C/T","YNL068C","YER045C",-0.112993951456855,0.0354970569113405,0.0659658901875273,0.899830341339111,0.0896414342629482
"1520","chrXIV:266760_C/T","YNL068C","YCR053W",0.367880841769954,0.101372659618295,1,0.938356280326843,0.99800796812749
"1521","chrXIV:266760_C/T","YNL068C","YLR432W",0.30026385620193,0.0667161868182441,0.00238114824170467,0.999673128128052,0.00199203187250996
"1522","chrXIV:266760_C/T","YNL068C","YER004W",-0.0051420067291662,0.0122320082100104,0.676201407785561,0.43233984708786,0.599601593625498
"1523","chrXIV:266760_C/T","YNL068C","YKR098C",-0.124011812842079,0.0267682352736722,0.999999908672442,0.920526742935181,0.99402390438247
"1524","chrXIV:266760_C/T","YNL068C","YBR241C",0.0743344925441354,0.0158313176307286,0.422951817920834,0.639583766460419,0.444223107569721
"1525","chrXIV:266760_C/T","YNL068C","YLR205C",-0.271475648786834,0.0480010421456473,0.0475694906023988,0.892171323299408,0.0139442231075697
"1526","chrXIV:266760_C/T","YNL068C","YNL251C",0.389751517646998,0.0986851727531331,0.000263151016704662,0.998894572257996,0.00199203187250996
"1527","chrXIV:266760_C/T","YNL068C","YML128C",0.0774329628552559,0.0191206220316345,0.131095325880282,0.746446847915649,0.314741035856574
"1528","chrXIV:266760_C/T","YNL068C","YOR221C",-0.0875103985042479,0.0298120560586866,0.989364928759741,0.976135015487671,0.99800796812749
"1529","chrXIV:266760_C/T","YNL068C","YBL028C",0.0545828543683293,0.0272333013112284,0.999992683516754,0.997655391693115,0.99800796812749
"1530","chrXIV:266760_C/T","YNL068C","YML054C",-0.204580492999412,0.047533515229367,0.999999999999982,0.994272351264954,0.99800796812749
"1531","chrXIV:266760_C/T","YNL068C","YIL127C",-0.0222248638473122,0.0342146851605764,0.979191905345277,0.86539089679718,0.924302788844622
"1532","chrXIV:266760_C/T","YNL068C","YDR420W",0.52895561046724,0.223535471905395,0.000847247713102545,0.997453987598419,0.00199203187250996
"1533","chrXIV:266760_C/T","YNL068C","YML041C",-0.221200500969134,0.0359582662756517,1,0.903395295143127,0.99800796812749
"1534","chrXIV:266760_C/T","YNL068C","YBR066C",-0.174630739850169,0.0350218544568743,0.032156137437049,0.930586457252502,0.0458167330677291
"1535","chrXIV:266760_C/T","YNL068C","YDL140C",0.375243125767944,0.105638435425658,0.010900077068734,0.974623262882233,0.0398406374501992
"1536","chrXIV:266760_C/T","YNL068C","YLR096W",0.465813508727565,0.180577744022993,0.000729063901788721,0.995031356811523,0.0099601593625498
"1537","chrXIV:266760_C/T","YNL068C","YBL015W",-0.0344269178781886,0.0231398512118705,0.999455205397105,0.97102564573288,0.99203187250996
"1538","chrXIV:266760_C/T","YNL068C","YBR181C",-0.0817714441966728,0.0336234356988922,0.116624623070701,0.912882506847382,0.123505976095618
"1539","chrXIV:266760_C/T","YNL068C","YDR366C",-0.293230716580352,0.063530509555608,0.0228642169248508,0.943656206130981,0.0378486055776892
"1540","chrXIV:266760_C/T","YNL068C","YDR035W",0.12550423967898,0.0304556336974608,0.00296398745997541,0.98909604549408,0.049800796812749
"1541","chrXIV:266760_C/T","YNL068C","YFL027C",-0.155811688985704,0.0353222690634788,0.0281151128093381,0.911542177200317,0.00597609561752988
"1542","chrXIV:266760_C/T","YNL068C","YHR026W",0.14412742254655,0.0604812999137055,0.249072137154332,0.751368582248688,0.749003984063745
"1543","chrXIV:266760_C/T","YNL068C","YER071C",-0.450422906179276,0.136839723187867,0.00487318005011752,0.981985986232758,0.0916334661354582
"1544","chrXIV:266760_C/T","YNL068C","YDR248C",-0.185767080706472,0.0307845323876826,0.0789700658758197,0.875223875045776,0.179282868525896
"1545","chrXIV:266760_C/T","YNL068C","YLR454W",0.288373706643973,0.0686159329221201,0.000663966240060637,0.999606370925903,0.00199203187250996
"1546","chrXIV:266760_C/T","YNL068C","YFL048C",-0.0240724859557598,0.0138653012211504,0.973225972386681,0.926056504249573,0.99003984063745
"1547","chrXIV:266760_C/T","YNL068C","YPL061W",-0.0551188544302957,0.0145423390491639,0.970749463784411,0.945517063140869,0.97410358565737
"1548","chrXIV:266760_C/T","YNL068C","YKR061W",-0.17251035908056,0.0379752716102469,0.0025576681966099,0.986745357513428,0.0179282868525896
"1549","chrXIV:266760_C/T","YNL068C","YNL197C",0.406237508233964,0.138391024233119,0.000532985987629386,0.999305009841919,0.0179282868525896
"1550","chrXIV:266760_C/T","YNL068C","YNL175C",0.0677721562776295,0.0282207100391993,0.0561629206396345,0.885447978973389,0.193227091633466
"1551","chrXIV:266760_C/T","YNL068C","YER090W",0.359592940522345,0.085190715784527,0.00976656276163402,0.981493353843689,0.0378486055776892
"1552","chrXIV:266760_C/T","YNL068C","YIR018W",0.0802302037713754,0.0207768687859968,0.999998818893622,0.974351644515991,0.99203187250996
"1553","chrXIV:266760_C/T","YNL068C","YGR249W",0.00239422777927824,0.0176461673224864,0.741507910879019,0.515047132968903,0.434262948207171
"1554","chrXIV:266760_C/T","YNL068C","YMR288W",0.173286861006422,0.0555154825449345,0.00757376449452301,0.9822056889534,0.0358565737051793
"1555","chrXIV:266760_C/T","YNL068C","YBR068C",-0.215717227513686,0.0450112798257044,0.00360580511050682,0.988648891448975,0.00597609561752988
"1556","chrXIV:266760_C/T","YNL068C","YOR336W",0.295978055559566,0.0785484515742461,0.0324482461993685,0.935683310031891,0.0856573705179283
"1557","chrXIV:266760_C/T","YNL068C","YGL075C",0.241335909353907,0.0580961416308061,0.00137999092430677,0.996320366859436,0.119521912350598
"1558","chrXIV:266760_C/T","YNL068C","YGL186C",-0.020347138482263,0.023787258013725,0.188389882902911,0.522301197052002,0.458167330677291
"1559","chrXIV:266760_C/T","YNL068C","YGR222W",-0.07677272896893,0.0274359467383375,0.994159041137817,0.953070759773254,0.98406374501992
"1560","chrXIV:266760_C/T","YNL068C","YNL238W",0.238405612043609,0.0434395286862244,0.125701487828982,0.999729871749878,0.0557768924302789
"1561","chrXIV:266760_C/T","YNL068C","YMR204C",0.0993136191196805,0.030998323193993,0.024036691308237,0.953862845897675,0.0398406374501992
"1562","chrXIV:266760_C/T","YNL068C","YER065C",0.148191755845731,0.0249472147985187,0.0756984853127833,0.980321884155273,0.322709163346614
"1563","chrXIV:266760_C/T","YNL068C","YGR286C",0.27514741246358,0.0505692231855054,0.00576737372103283,0.981090545654297,0.0179282868525896
"1564","chrXIV:266760_C/T","YNL068C","YKL189W",-0.218880964000754,0.0372764577740667,0.999999999999998,0.958645105361938,0.99800796812749
"1565","chrXIV:266760_C/T","YNL068C","YLR229C",-0.21567171370534,0.0560783360705207,1,0.966755747795105,0.99800796812749
"1566","chrXIV:266760_C/T","YNL068C","YHR194W",-0.0201945728621712,0.0129747224789034,0.967348283971209,0.880961239337921,0.98605577689243
"1567","chrXIV:266760_C/T","YNL068C","YLR377C",0.00231138593274587,0.00152333629057171,0.708690847108058,0.522172510623932,0.601593625498008
"1568","chrXIV:266760_C/T","YNL068C","YJL143W",-0.165834313551329,0.0284159504466136,0.999999999005181,0.957836627960205,0.99800796812749
"1569","chrXIV:266760_C/T","YNL068C","YGR256W",0.104249441697477,0.0136034608971102,0.0104868941889767,0.959215044975281,0.133466135458167
"1570","chrXIV:266760_C/T","YNL068C","YLR270W",-0.0320890410796334,0.0126067639922866,0.993016705858081,0.898953497409821,0.940239043824701
"1571","chrXIV:266760_C/T","YNL068C","YDR142C",-0.226655257378039,0.033709635861132,0.999999999999934,0.998931288719177,0.99800796812749
"1572","chrXIV:266760_C/T","YNL068C","YBR188C",-0.212500717702161,0.0666599957436447,0.0385967234359379,0.933477461338043,0.107569721115538
"1573","chrXIV:266760_C/T","YNL068C","YHL028W",0.227348847988315,0.0362519080036977,0.000149064293293243,0.999437868595123,0.00199203187250996
"1574","chrXIV:266760_C/T","YNL068C","YGR168C",-0.275033043244845,0.0621388665023797,0.0253046107971116,0.935059547424316,0.103585657370518
"1575","chrXIV:266760_C/T","YNL068C","YHR135C",-0.0147510588617892,0.0360770411088094,0.0578443659989675,0.598347127437592,0.346613545816733
"1576","chrXIV:266760_C/T","YNL068C","YNL219C",-0.0230203192466572,0.0264792834613608,0.873159742476396,0.499893575906754,0.713147410358566
"1577","chrXIV:266760_C/T","YNL068C","YOL078W",0.350904399663895,0.0817763252648381,0.00259939106149256,0.99971878528595,0.00597609561752988
"1578","chrXIV:266760_C/T","YNL068C","YBR147W",-0.0259232457497994,0.0115795713203891,0.90956670795085,0.905271768569946,0.936254980079681
"1579","chrXIV:266760_C/T","YNL068C","YDR151C",-0.000961868517473545,0.00978040884445465,0.773008557290733,0.498795330524445,0.820717131474104
"1580","chrXIV:266760_C/T","YNL068C","YML125C",0.234875553658227,0.0451839616385345,1,0.993055701255798,0.99800796812749
"1581","chrXIV:266760_C/T","YNL068C","YKL045W",0.0287582546747781,0.0255371826208391,0.0137122186322962,0.873536109924316,0.0199203187250996
"1582","chrXIV:266760_C/T","YNL068C","YIL155C",-0.123062888724944,0.0262058470391111,0.999996155195783,0.993419587612152,0.99800796812749
"1583","chrXIV:266760_C/T","YNL068C","YLR003C",-0.156575698060076,0.0367350146058432,0.00342717894033004,0.993314385414124,0.0119521912350598
"1584","chrXIV:266760_C/T","YNL068C","YNL281W",-0.408311344737597,0.105226208342804,0.000493229907929028,0.999148368835449,0.00199203187250996
"1585","chrXIV:604247_G/A","YNL027W","YBR268W",0.142170409834882,0.0230706295408957,0.999999999978198,0.965872228145599,0.99601593625498
"1586","chrXIV:604247_G/A","YNL027W","YGR177C",0.140222404943844,0.0257106542176527,0.999998693469029,0.928392231464386,0.99402390438247
"1587","chrXIV:604247_G/A","YNL027W","YKL054C",0.484605362457509,0.202814593541618,1,0.994275748729706,0.99800796812749
"1588","chrXIV:604247_G/A","YNL027W","YMR020W",0.342399060278217,0.0912990646086365,1,0.999587953090668,0.99800796812749
"1589","chrXIV:604247_G/A","YNL027W","YDR216W",0.372565915798436,0.0848917832702402,1,0.996530890464783,0.99800796812749
"1590","chrXIV:604247_G/A","YNL027W","YKL024C",-0.248972677161225,0.0648128609341436,1,0.830917239189148,0.99800796812749
"1591","chrXIV:604247_G/A","YNL027W","YMR196W",0.306257646154813,0.0665034282786299,0.00346523129555632,0.977502346038818,0.0557768924302789
"1592","chrXIV:604247_G/A","YNL027W","YGL203C",0.406079199838767,0.152036578449461,0.0057159294840911,0.992615342140198,0.0717131474103586
"1593","chrXIV:604247_G/A","YNL027W","YER017C",0.424787794907856,0.118877912554464,1,0.999226212501526,0.99800796812749
"1594","chrXIV:604247_G/A","YNL027W","YOR286W",0.122257418203692,0.0334800540797763,0.989177748463449,0.996904730796814,0.99800796812749
"1595","chrXIV:604247_G/A","YNL027W","YML091C",0.281331570779941,0.0575987526930069,0.00591541852421189,0.97083854675293,0.0219123505976096
"1596","chrXIV:604247_G/A","YNL027W","YOL056W",-0.0139693467569003,0.0159256581362599,0.864310950828545,0.622671484947205,0.752988047808765
"1597","chrXIV:604247_G/A","YNL027W","YLR228C",0.203719146202637,0.0494222888649438,1,0.998550832271576,0.99800796812749
"1598","chrXIV:604247_G/A","YNL027W","YOL027C",0.309942736311693,0.0757828727808839,1,0.903599560260773,0.99800796812749
"1599","chrXIV:604247_G/A","YNL027W","YGL173C",0.313766370917994,0.063333913162593,0.0137223008923951,0.954950511455536,0.0896414342629482
"1600","chrXIV:604247_G/A","YNL027W","YKL143W",-0.122208268848202,0.0365557799476824,0.218749902816337,0.821921527385712,0.272908366533865
"1601","chrXIV:604247_G/A","YNL027W","YAL034W-A",0.276623525651037,0.0769246221947485,1,0.970040082931519,0.99800796812749
"1602","chrXIV:604247_G/A","YNL027W","YOR253W",-0.105881003470755,0.0263087506789186,0.0347042315602828,0.935791015625,0.0916334661354582
"1603","chrXIV:604247_G/A","YNL027W","YJR105W",-0.375339143578328,0.114186311472157,1,0.999538540840149,0.99800796812749
"1604","chrXIV:604247_G/A","YNL027W","YJL051W",0.32490191288018,0.091090723744116,1,0.942460954189301,0.99800796812749
"1605","chrXIV:604247_G/A","YNL027W","YMR137C",0.472180243295215,0.167617520793758,1,0.965504050254822,0.99800796812749
"1606","chrXIV:604247_G/A","YNL027W","YCL029C",0.273785969527423,0.1004486865356,1,0.996924519538879,0.99800796812749
"1607","chrXIV:604247_G/A","YNL027W","YJL071W",0.170278225759905,0.0264151486391952,0.999999999999818,0.99885767698288,0.99800796812749
"1608","chrXIV:604247_G/A","YNL027W","YLR254C",0.360386045552039,0.122688327952621,1,0.990748405456543,0.99800796812749
"1609","chrXIV:604247_G/A","YNL027W","YBR085C-A",0.32990641719573,0.0794298765594744,1,0.999617993831635,0.99800796812749
"1610","chrXIV:604247_G/A","YNL027W","YJL094C",0.502255063897462,0.179995766281843,1,0.999828994274139,0.99800796812749
"1611","chrXIV:604247_G/A","YNL027W","YHR091C",0.427342611982928,0.13197670426937,1,0.999767065048218,0.99800796812749
"1612","chrXIV:604247_G/A","YNL027W","YMR062C",0.0265464757868566,0.0163918448261164,0.862134530351658,0.675788164138794,0.930278884462151
"1613","chrXIV:604247_G/A","YNL027W","YPL204W",0.317444873092949,0.110863538949291,1,0.962213337421417,0.99800796812749
"1614","chrXIV:604247_G/A","YNL027W","YPR072W",0.441310777765915,0.193222682875016,1,0.987553477287292,0.99800796812749
"1615","chrXIV:604247_G/A","YNL027W","YER039C-A",0.135224060217721,0.0290632418243044,0.00106294647265312,0.997774064540863,0.127490039840637
"1616","chrXIV:604247_G/A","YNL027W","YHR013C",0.0291627498180982,0.0143071034151401,0.242260033104445,0.501976907253265,0.388446215139442
"1617","chrXIV:604247_G/A","YNL027W","YLR092W",0.251738379126967,0.0449510232990802,1,0.993312001228333,0.99800796812749
"1618","chrXIV:604247_G/A","YNL027W","YNL155W",0.21971542627375,0.0532715385147828,0.999999999999965,0.811086535453796,0.99601593625498
"1619","chrXIV:604247_G/A","YNL027W","YLR315W",0.162184861018995,0.0360085487087125,1,0.883609175682068,0.99800796812749
"1620","chrXIV:604247_G/A","YNL027W","YHR198C",0.392266158452682,0.0996943761762754,1,0.998790979385376,0.99800796812749
"1621","chrXIV:604247_G/A","YNL027W","YBR251W",0.384678088452005,0.0961950486055943,1,0.999149560928345,0.99800796812749
"1622","chrXIV:604247_G/A","YNL027W","YLR435W",-0.12918322813731,0.0483219501045279,0.0117747009107463,0.991129040718079,0.0179282868525896
"1623","chrXIV:604247_G/A","YNL027W","YNL004W",0.402876989074127,0.143670834637634,1,0.999764859676361,0.99800796812749
"1624","chrXIV:604247_G/A","YNL027W","YGL252C",0.370834411213241,0.104584418400252,1,0.93670380115509,0.99800796812749
"1625","chrXIV:604247_G/A","YNL027W","YNL008C",0.365507338925029,0.0945429370681181,0.0105269611709575,0.998547911643982,0.0378486055776892
"1626","chrXIV:604247_G/A","YNL027W","YDR192C",0.219406948940813,0.0454441839008994,1,0.947877824306488,0.99800796812749
"1627","chrXIV:604247_G/A","YNL027W","YDL066W",0.0795849057315941,0.0175736446105843,0.0626284623947825,0.948550939559937,0.197211155378486
"1628","chrXIV:604247_G/A","YNL027W","YLR107W",0.22844909886075,0.0449914857239008,1,0.998340010643005,0.99800796812749
"1629","chrXIV:604247_G/A","YNL027W","YGR165W",0.320910058960354,0.0748022097917502,1,0.999729752540588,0.99800796812749
"1630","chrXIV:604247_G/A","YNL027W","YLR438W",0.2372833163248,0.0478095353379545,0.00371075402563059,0.970494031906128,0.0358565737051793
"1631","chrXIV:604247_G/A","YNL027W","YDL006W",0.17085300113201,0.043007587066818,1,0.998717486858368,0.99800796812749
"1632","chrXIV:604247_G/A","YNL027W","YBR162C",0.136943488765748,0.0221479494452383,0.9999733829421,0.96655285358429,0.99601593625498
"1633","chrXIV:604247_G/A","YNL027W","YPL190C",0.499904867920051,0.203568699031876,1,0.999502897262573,0.99800796812749
"1634","chrXIV:604247_G/A","YNL027W","YPL060W",0.292804836546669,0.0593860748218272,1,0.990600228309631,0.99800796812749
"1635","chrXIV:604247_G/A","YNL027W","YHR205W",0.293883181510839,0.07004417743969,1,0.974232912063599,0.99800796812749
"1636","chrXIV:604247_G/A","YNL027W","YLR251W",0.317868622742318,0.0677130613893586,0.062765746019889,0.867193996906281,0.137450199203187
"1637","chrXIV:604247_G/A","YNL027W","YHR057C",0.15822213778902,0.0362349068125861,0.999999981305953,0.880376100540161,0.99203187250996
"1638","chrXIV:604247_G/A","YNL027W","YCR088W",0.217983875375852,0.0392275752970273,0.00456320285507501,0.999279797077179,0.0657370517928287
"1639","chrXIV:604247_G/A","YNL027W","YNL325C",0.40700055631976,0.11469137273992,1,0.967170178890228,0.99800796812749
"1640","chrXIV:604247_G/A","YNL027W","YJL140W",0.186214646663084,0.0374840327062964,1,0.918291449546814,0.99800796812749
"1641","chrXIV:604247_G/A","YNL027W","YJR062C",0.379956797890197,0.116680064001498,1,0.993294954299927,0.99800796812749
"1642","chrXIV:604247_G/A","YNL027W","YBL085W",0.497851976336108,0.198126393815252,1,0.998351573944092,0.99800796812749
"1643","chrXIV:604247_G/A","YNL027W","YMR069W",0.0528571041364155,0.0130734015790239,0.992868210037426,0.892124116420746,0.98207171314741
"1644","chrXV:154073_G/A","YOL089C","YLR403W",0.518204394466452,0.182714952313605,1,0.879685759544373,0.99800796812749
"1645","chrXV:154073_G/A","YOL089C","YML106W",-0.228702394608701,0.0465893510854117,0.999999999999583,0.951261162757874,0.99800796812749
"1646","chrXV:154073_G/A","YOL089C","YDR379C-A",0.281899352933973,0.0566775261935886,1,0.998943448066711,0.99800796812749
"1647","chrXV:154073_G/A","YOL089C","YDR067C",0.162810754036444,0.0397513190131153,0.0287418634845249,0.951855301856995,0.171314741035857
"1648","chrXV:154073_G/A","YOL089C","YHR202W",0.283825104571477,0.0622610893441308,1,0.999687433242798,0.99800796812749
"1649","chrXV:154073_G/A","YOL089C","YNR009W",0.0330203200571295,0.0253433848114076,0.949295670062703,0.930232346057892,0.958167330677291
"1650","chrXV:202012_C/T","YOL067C","YPL268W",0.164561096313366,0.05329470183348,0.0734678779980298,0.98892879486084,0.175298804780877
"1651","chrXV:372056_C/T","YOR032C","YDL022W",0.260562326749246,0.0499931961002532,1,0.930150866508484,0.99800796812749
"1652","chrXV:372056_C/T","YOR032C","YNR055C",0.286111956350093,0.0652042703049811,1,0.853008627891541,0.99800796812749
"1653","chrXV:372056_C/T","YOR032C","YBL027W",-0.259098416958887,0.0719727226450341,1,0.860423684120178,0.99800796812749
"1654","chrXV:539577_T/C","YOR113W","YOR380W",0.297289272369901,0.0661507839688589,0.999999999990978,0.938698172569275,0.99800796812749
"1655","chrXV:590443_A/G","YOR140W","YLR190W",0.381785883339483,0.119624904875886,0.0113499393416932,0.965782880783081,0.229083665338645
"1656","chrXV:590443_A/G","YOR140W","YDR186C",0.426735649282611,0.154712140752918,0.0591416544885268,0.891337156295776,0.0936254980079681
"1657","chrXV:590443_A/G","YOR140W","YGL226W",-0.0124734233109639,0.0412276291467353,0.87849056155176,0.618762135505676,0.609561752988048
"1658","chrXV:1023392_T/G","YOR363C","YDR496C",-0.298012479953402,0.0642662827475467,0.0130210223377361,0.890132665634155,0.0617529880478088
"1659","chrXVI:81157_G/A","YPL248C","YMR288W",-0.0113979265779951,0.0113194520615579,0.939425439166985,0.698102474212646,0.934262948207171
"1660","chrXVI:81157_G/A","YPL248C","YPL269W",0.0540458817396112,0.00661389812251188,0.999812645006729,0.959203243255615,0.99800796812749
"1661","chrXVI:310970_A/C","YPL133C","YDR072C",-0.113797615782711,0.0184172829528084,0.999998514976971,0.901897549629211,0.99800796812749
"1662","chrXVI:310970_A/C","YPL133C","YIR019C",0.137716331988115,0.0156565076627701,0.00447140253531728,0.82082200050354,0.0239043824701195
"1663","chrXVI:481979_C/T","YPL038W","YLR104W",0.0770654715612046,0.0125115333676581,0.487815950402604,0.593693971633911,0.834661354581673
"1664","chrXVI:481979_C/T","YPL038W","YNL072W",0.0481360682944709,0.0206218454536495,0.999998493397058,0.959198355674744,0.99800796812749
"1665","chrXVI:481979_C/T","YPL038W","YJL196C",-0.0453766301217377,0.0105278369205998,0.855040934575561,0.472654849290848,0.436254980079681
"1666","chrXVI:481979_C/T","YPL038W","YDL113C",-0.00806094584918525,0.0119633030665119,0.90361708838306,0.734680712223053,0.954183266932271
"1667","chrXVI:481979_C/T","YPL038W","YDL220C",-0.0864853826169648,0.0119150354686097,0.640859262371653,0.568567454814911,0.125498007968127
"1668","chrXVI:481979_C/T","YPL038W","YER168C",0.00547493716900384,0.00817120037461595,0.816506304070278,0.682339131832123,0.926294820717131
"1669","chrXVI:481979_C/T","YPL038W","YJR009C",-0.0538033421168075,0.0148344010507178,0.999999996365989,0.996486306190491,0.99800796812749
"1670","chrXVI:481979_C/T","YPL038W","YMR195W",0.0801354364039585,0.00582890902742704,0.0564244484269509,0.842978239059448,0.179282868525896
"1671","chrXVI:481979_C/T","YPL038W","YML081C-A",0.028570120899194,0.0105289712414014,0.707008904423718,0.480811089277267,0.559760956175299
"1672","chrXVI:481979_C/T","YPL038W","YPL163C",-0.0657662952430382,0.0234584196695931,0.671885278405151,0.493314027786255,0.581673306772908
"1673","chrXVI:481979_C/T","YPL038W","YGR079W",0.0358480463096458,0.00252567543840883,0.999954410818494,0.985980987548828,0.99800796812749
"1674","chrXVI:481979_C/T","YPL038W","YMR024W",0.127083965960025,0.0094603422008885,0.00530114348231743,0.953249096870422,0.0199203187250996
"1675","chrXVI:481979_C/T","YPL038W","YKL027W",0.104241464334478,0.0150920841559905,0.0727065040317433,0.817936599254608,0.0597609561752988
"1676","chrXVI:481979_C/T","YPL038W","YPL217C",-0.0272833919302872,0.00958498537989333,0.743682837314858,0.605874121189117,0.729083665338645
"1677","chrXVI:481979_C/T","YPL038W","YER161C",0.168896694689055,0.0377832257407243,0.0311160002018157,0.923588216304779,0.410358565737052
"1678","chrXVI:481979_C/T","YPL038W","YIL144W",0.116157965820137,0.0497851934746536,0.0300151862890551,0.90828150510788,0.185258964143426
"1679","chrXVI:481979_C/T","YPL038W","YPL001W",0.0542654039492902,0.0153072322580395,0.999898594075188,0.984990239143372,0.99601593625498
"1680","chrII:216631_A/G","YBL005W","YPL199C",0.0157010365929051,0.00725764920153199,0.924581985180667,0.768702745437622,0.940239043824701
"1681","chrII:408801_T/C","YBR083W","YPL221W",0.0795646902369685,0.0154841370270993,0.997151057031923,0.596594452857971,0.4800796812749
"1682","chrII:408801_T/C","YBR083W","YJL012C",0.0294798181573419,0.0101779264935865,0.689282728597202,0.661891341209412,0.48804780876494
"1683","chrII:408801_T/C","YBR083W","YBR043C",-0.0411070389252359,0.0120503334131374,0.858006354329611,0.709802567958832,0.832669322709163
"1684","chrII:408801_T/C","YBR083W","YPL155C",0.127670423711326,0.0190786856168651,0.010706003099648,0.977829277515411,0.0876494023904383
"1685","chrII:408801_T/C","YBR083W","YLR090W",0.202567395605061,0.0252839231446476,2.61969071135792e-05,0.995935678482056,0.0099601593625498
"1686","chrII:408801_T/C","YBR083W","YAL060W",0.129237101388451,0.00630784493816902,0.00339836476692122,0.953976154327393,0.376494023904382
"1687","chrII:408801_T/C","YBR083W","YGL126W",0.0106429716369548,-0.00177181058815554,0.891947323032867,0.622862279415131,0.585657370517928
"1688","chrII:408801_T/C","YBR083W","YAL054C",0.157250890949297,0.0128954101645184,0.0361704723325408,0.88301944732666,0.195219123505976
"1689","chrII:408801_T/C","YBR083W","YER159C",0.168491088040876,0.0376328607189097,1,0.990423202514648,0.99800796812749
"1690","chrII:408801_T/C","YBR083W","YBL049W",0.204321002927507,0.03015447526128,0.000888823040209431,0.97721254825592,0.00398406374501992
"1691","chrII:408801_T/C","YBR083W","YOR120W",0.19322106385534,0.0177677587735166,0.743410122217326,0.840738773345947,0.854581673306773
"1692","chrII:408801_T/C","YBR083W","YGR161W-C",0.0474596944313363,0.00546536923217609,0.755893099752756,0.540169775485992,0.410358565737052
"1693","chrII:408801_T/C","YBR083W","YNL178W",-0.211090785366524,0.0350710482480902,0.962096949920449,0.93170154094696,0.826693227091634
"1694","chrII:408801_T/C","YBR083W","YIL155C",0.095484426989084,0.0145275070223409,0.10642340899308,0.82832396030426,0.103585657370518
"1695","chrII:408801_T/C","YBR083W","YLR373C",-0.059764192160063,0.0198407234912219,0.994974962751162,0.813350319862366,0.99402390438247
"1696","chrII:408801_T/C","YBR083W","YNL130C",0.102356120529873,0.0121515378280365,0.0582265497654482,0.876348257064819,0.245019920318725
"1697","chrII:408801_T/C","YBR083W","YDR497C",-0.0268488745775949,0.00923215221595686,0.804993148805117,0.667683720588684,0.896414342629482
"1698","chrII:408801_T/C","YBR083W","YPR026W",0.147668561245996,0.0175299187452898,0.0311703846439321,0.892536759376526,0.197211155378486
"1699","chrII:408801_T/C","YBR083W","YBR293W",0.063572416214619,0.00300223258117993,0.479771610976789,0.48880597949028,0.157370517928287
"1700","chrII:408801_T/C","YBR083W","YIL101C",0.124428627164255,0.00665150355916734,0.0535530325629911,0.91472464799881,0.121513944223108
"1701","chrII:408801_T/C","YBR083W","YGR240C",0.0798417444012834,0.0110399680844622,0.0462956024968167,0.781193614006042,0.302788844621514
"1702","chrII:408801_T/C","YBR083W","YBR149W",0.206084833779022,0.024604447380433,0.000250549382453719,0.998237609863281,0.00597609561752988
"1703","chrII:408801_T/C","YBR083W","YDR058C",0.100551187154922,0.00891651827331365,0.034581669727077,0.864334285259247,0.0617529880478088
"1704","chrII:408801_T/C","YBR083W","YDR006C",0.104460060290108,0.0166677347486867,0.028621682758553,0.926945984363556,0.352589641434263
"1705","chrII:408801_T/C","YBR083W","YML111W",0.147815650389021,0.0307620205777841,0.0119381354596364,0.936542272567749,0.0358565737051793
"1706","chrII:408801_T/C","YBR083W","YBR147W",0.148515724777642,0.0221475312077943,0.00145903365330062,0.987276315689087,0.0199203187250996
"1707","chrII:408801_T/C","YBR083W","YBR088C",-0.0755127571638717,0.0292553360411028,0.0601105087414078,0.632756054401398,0.729083665338645
"1708","chrII:408801_T/C","YBR083W","YDL022W",0.121278981316912,0.0150801197077979,0.0431584511751267,0.925567924976349,0.191235059760956
"1709","chrII:408801_T/C","YBR083W","YGR256W",0.0397820903986207,0.000194245741322516,0.975213144795393,0.384733349084854,0.764940239043825
"1710","chrII:408801_T/C","YBR083W","YPL214C",0.230285328044392,0.0382952365564114,7.42222197961421e-05,0.994969010353088,0.00199203187250996
"1711","chrII:408801_T/C","YBR083W","YGL027C",-0.0648933355361198,0.00822613691265557,0.0620720264621337,0.734588921070099,0.161354581673307
"1712","chrII:408801_T/C","YBR083W","YGL038C",0.0577869292192432,-0.000382739988303851,0.846487281805125,0.524494349956512,0.762948207171315
"1713","chrII:408801_T/C","YBR083W","YPL067C",0.0212618954031551,0.00412311833668362,0.861494655644867,0.765999019145966,0.902390438247012
"1714","chrII:408801_T/C","YBR083W","YHR174W",-0.168645124089271,0.0255940804868869,0.000448200901405783,0.988317966461182,0.0199203187250996
"1715","chrII:408801_T/C","YBR083W","YLR312C",0.102607656395131,0.0198063677915413,0.0483886159420178,0.863252997398376,0.0537848605577689
"1716","chrII:408801_T/C","YBR083W","YDR486C",0.274935890773251,0.0518477709527798,0.99213244225236,0.941300630569458,0.916334661354582
"1717","chrII:408801_T/C","YBR083W","YFR029W",0.128498379049625,0.0198117467609416,0.148154742435819,0.866660833358765,0.127490039840637
"1718","chrII:408801_T/C","YBR083W","YBR041W",0.223566095920114,0.0363889531640684,0.000347057365463401,0.985153079032898,0.00597609561752988
"1719","chrII:408801_T/C","YBR083W","YDR453C",0.053831338145447,0.00159003188348929,0.750103381062685,0.469094097614288,0.635458167330677
"1720","chrII:408801_T/C","YBR083W","YOR167C",-0.202182097076912,0.0405950285462205,0.996100248543424,0.94366991519928,0.946215139442231
"1721","chrII:408801_T/C","YBR083W","YHR132C",0.166345709990112,0.0196382352553332,0.00863055437088974,0.940059661865234,0.247011952191235
"1722","chrII:408801_T/C","YBR083W","YJL171C",0.0359043162431395,0.00563544471904357,0.687856171278059,0.575572907924652,0.721115537848606
"1723","chrII:408801_T/C","YBR083W","YIL136W",0.106295444266929,0.0177391586318839,0.0400440180373799,0.881651639938354,0.103585657370518
"1724","chrII:408801_T/C","YBR083W","YIL033C",0.255831935741403,0.0422220910829053,0.000164249729592072,0.99210798740387,0.00199203187250996
"1725","chrII:408801_T/C","YBR083W","YLR120C",0.188603617950632,0.0224438138087147,0.00093430486334554,0.977683067321777,0.00398406374501992
"1726","chrII:408801_T/C","YBR083W","YIL051C",0.119928213458673,0.0141069331697674,0.00969704163145993,0.957512497901917,0.0717131474103586
"1727","chrII:408801_T/C","YBR083W","YDR012W",0.0378670833080881,0.015782454430116,0.999974333022887,0.998101532459259,0.99800796812749
"1728","chrII:408801_T/C","YBR083W","YJL076W",0.0359358320371662,0.00421061896140168,0.919298965437817,0.455114662647247,0.804780876494024
"1729","chrII:408801_T/C","YBR083W","YOR117W",0.0895307438365348,0.0142702472150012,0.0544276568971021,0.877285599708557,0.474103585657371
"1730","chrII:408801_T/C","YBR083W","YBR286W",0.0438125459559499,0.0107542086160153,0.900470341055488,0.448455601930618,0.884462151394422
"1731","chrII:408801_T/C","YBR083W","YOL016C",0.0948343471627733,0.0118759154513413,0.220102064936111,0.79874575138092,0.268924302788845
"1732","chrII:408801_T/C","YBR083W","YPL179W",0.130865421272557,0.0182743244242552,0.00904012629885825,0.946924686431885,0.0258964143426295
"1733","chrII:408801_T/C","YBR083W","YPL230W",0.0813826259031368,0.016495760333621,0.126423156069468,0.659801840782166,0.609561752988048
"1734","chrII:408801_T/C","YBR083W","YDR531W",0.0504803825586687,0.00183932623242005,0.545108276299425,0.430353462696075,0.111553784860558
"1735","chrII:408801_T/C","YBR083W","YFL026W",0.0431964249187209,0.0566667764531129,0.819535834320569,0.9656822681427,0.655378486055777
"1736","chrII:408801_T/C","YBR083W","YGL128C",0.121609468761694,0.0130056297089087,0.037748248646901,0.907654047012329,0.157370517928287
"1737","chrII:408801_T/C","YBR083W","YLR268W",0.151467129102088,0.0156569628145826,0.0402994964970066,0.909648180007935,0.143426294820717
"1738","chrII:408801_T/C","YBR083W","YBR114W",0.167664684178109,0.0238504576039208,9.53323324082757e-05,0.995026707649231,0.0318725099601594
"1739","chrII:408801_T/C","YBR083W","YCR011C",0.0659198797425843,0.00732941791448577,0.969939505475637,0.501448273658752,0.689243027888446
"1740","chrII:408801_T/C","YBR083W","YPR008W",0.20095963856085,0.0237151089815488,0.9706448274881,0.834716081619263,0.770916334661355
"1741","chrII:408801_T/C","YBR083W","YPR040W",0.158336958556603,0.0195665698266054,0.0146932533256903,0.923977375030518,0.0637450199203187
"1742","chrII:408801_T/C","YBR083W","YCL066W",0.192728716304755,0.0506380959101106,0.0793826308582728,0.903285384178162,0.752988047808765
"1743","chrII:408801_T/C","YBR083W","YOR070C",0.21828334488816,0.0296760541870455,0.985712978886665,0.873047769069672,0.940239043824701
"1744","chrII:408801_T/C","YBR083W","YBR068C",-0.294389900366673,0.0619538831355195,0.972729932854895,0.912593483924866,0.9800796812749
"1745","chrII:408801_T/C","YBR083W","YMR013C",0.121364173533094,0.013162364524687,0.0995193772167895,0.847385764122009,0.300796812749004
"1746","chrII:408801_T/C","YBR083W","YDR123C",0.0901597629614,0.0151332113390274,0.0778213990443377,0.801572442054749,0.113545816733068
"1747","chrII:408801_T/C","YBR083W","YKL094W",0.133788817990188,0.00671270984511475,0.0500069314780104,0.867239832878113,0.51394422310757
"1748","chrII:408801_T/C","YBR083W","YJL134W",0.102889052375302,0.0155015403930655,0.299455255111444,0.83538806438446,0.231075697211155
"1749","chrII:408801_T/C","YBR083W","YOR385W",0.161648745175273,0.0141662770868893,0.0120006512131158,0.936290144920349,0.051792828685259
"1750","chrII:408801_T/C","YBR083W","YDL024C",0.0679677927110128,0.0051179302501871,0.425626638073303,0.608595728874207,0.878486055776892
"1751","chrII:408801_T/C","YBR083W","YMR246W",0.0167001173668084,0.00476292083691135,0.665091246682972,0.534128069877625,0.830677290836653
"1752","chrII:408801_T/C","YBR083W","YCL067C",0.252526239243108,0.100142561687119,0.772425201275057,0.87280011177063,0.98406374501992
"1753","chrII:408801_T/C","YBR083W","YGR175C",0.0860591899725404,0.0115942757282971,0.57870891681947,0.627279996871948,0.274900398406374
"1754","chrII:408801_T/C","YBR083W","YDR034W-B",0.0792530520620887,0.00524957979922726,0.967181564918981,0.499534398317337,0.470119521912351
"1755","chrII:408801_T/C","YBR083W","YDR450W",-0.159945699745742,0.0206380792987622,0.272133386789953,0.876846313476562,0.623505976095618
"1756","chrII:408801_T/C","YBR083W","YPL014W",0.178113374028228,0.0272971459515263,0.207017970844664,0.887932002544403,0.195219123505976
"1757","chrII:408801_T/C","YBR083W","YPL283C",0.0926647304695795,0.00161129816506504,0.0635730101965351,0.77512538433075,0.450199203187251
"1758","chrII:408801_T/C","YBR083W","YOR140W",0.106228973960718,0.0243697335932661,0.0168045009014591,0.92091977596283,0.0378486055776892
"1759","chrII:408801_T/C","YBR083W","YMR096W",0.210714089422858,0.0266378618068123,0.0872614170836154,0.926454901695251,0.187250996015936
"1760","chrII:408801_T/C","YBR083W","YLR438W",0.196912174663541,0.0260641683736116,4.74435439353878e-06,0.997767984867096,0.00398406374501992
"1761","chrII:408801_T/C","YBR083W","YOL002C",-0.0638954357361293,0.00962165688203882,0.457448954705445,0.467926204204559,0.47609561752988
"1762","chrII:408801_T/C","YBR083W","YHR080C",0.0556112395047167,0.00697597824923909,0.773204521015297,0.525346219539642,0.422310756972112
"1763","chrII:408801_T/C","YBR083W","YLR251W",0.13709153889735,0.0207627938919417,0.052611994075596,0.853826761245728,0.239043824701195
"1764","chrII:408801_T/C","YBR083W","YLR356W",0.139725122301137,0.0135274491214957,0.00280993230123817,0.961243510246277,0.0438247011952191
"1765","chrII:408801_T/C","YBR083W","YPR173C",0.0615257189546301,0.00870447036315815,0.233520411658213,0.638324856758118,0.49402390438247
"1766","chrII:408801_T/C","YBR083W","YLR089C",0.194671473492931,0.030430775265121,0.000120600247064757,0.997910022735596,0.00796812749003984
"1767","chrII:408801_T/C","YBR083W","YKL196C",0.109247936939883,0.0193763868403034,0.0453171716280178,0.87343955039978,0.211155378486056
"1768","chrII:408801_T/C","YBR083W","YDR074W",0.14482739273159,0.0166565607197168,0.050986108816499,0.870965242385864,0.316733067729084
"1769","chrII:408801_T/C","YBR083W","YJR109C",-0.0538717459783467,0.00461618572052123,0.381316936361912,0.592643260955811,0.856573705179283
"1770","chrII:408801_T/C","YBR083W","YPL055C",0.125609890531476,0.0275755566688053,0.0005466004360519,0.98466819524765,0.0159362549800797
"1771","chrII:408801_T/C","YBR083W","YOR023C",0.135049727627471,0.0255648702801185,0.00443673962968531,0.969068944454193,0.0557768924302789
"1772","chrII:408801_T/C","YBR083W","YKL091C",0.159869642710121,0.0233182432267077,0.00176476208978033,0.97336208820343,0.0139442231075697
"1773","chrII:408801_T/C","YBR083W","YOR044W",0.254767484587972,0.0440816882425249,0.00113781077620792,0.984856247901917,0.0199203187250996
"1774","chrII:408801_T/C","YBR083W","YHR057C",0.138093467902455,0.0113902843928193,0.0120299393793655,0.930131494998932,0.123505976095618
"1775","chrII:408801_T/C","YBR083W","YHR161C",0.237031247863465,0.0352641967441217,0.461540991214774,0.927335739135742,0.525896414342629
"1776","chrII:408801_T/C","YBR083W","YLR141W",0.117013349856471,0.0195651629322753,0.00578978770722296,0.969082713127136,0.103585657370518
"1777","chrX:329903_C/T","YJL056C","YJR016C",0.0706576576264696,0.0338554621195329,0.944494872815954,0.730126857757568,0.715139442231076
"1778","chrX:329903_C/T","YJL056C","YBL075C",0.12315095232868,0.0334245403211392,0.644789102259936,0.506487250328064,0.615537848605578
"1779","chrX:329903_C/T","YJL056C","YJL048C",0.0800032831074777,-0.000433794168190735,0.922611196092835,0.687107443809509,0.9800796812749
"1780","chrX:329903_C/T","YJL056C","YDR284C",-0.0371262537412993,0.00668771436593112,0.999027382312045,0.971795558929443,0.922310756972112
