"p_cit","p_TL","p_TG","p_GL","p_Lind","p_res"
5.0080828365952e-51,0,3.7873019115497e-53,0,5.0080828365952e-51,"causal"
