{"dataset": 999, "loss_LA_p": 0.0, "loss_LB_p": 0.01, "loss_LA_mutual": 0.2934291452401432, "loss_LB_mutual": 0, "loss_LA_spear": 0.6941304729993919, "loss_LB_spear": 0.07529445139366914, "loss_LA_pear": 0.6712645929280316, "loss_LB_pear": 0.0744380051627219, "loss_LA_nlcor": 0.6712645929280318, "loss_LB_nlcor": 0.07443800516272188, "true_LA": 0.500368058681488, "true_LB": 0.05749686062335968, "_runtime": 398090, "_timestamp": 1647059202, "_step": 999, "_wandb": {"runtime": 398091}}